1.45909252975408,0,0.0133465,21.632,46.81,4.12,18.09544058595977,1,0.481302,0.634382,0,0,0,0,1,0.26,7.1609,2.672051,38.3844,50.5261,284.156,3,29.67,23.30,46.81,4.26,4.12,0.194052
0,2.67521,0,1.114,1.85,0.45,0.5494815738493877,1,24.2793,0.887126,4.05059,0.156063,2.59747,0.892718,0,0.26,7.1609,2.773228,36.6565,46.3891,210.581,3,0.72,1.18,0.45,1.85,1.37,0.0133465
7.01255300965032,0.194052,0,27.348,41.59,12.39,12.58209521502679,1,33.5122,0.348536,0,0.634382,0,0,0,0.26,7.1609,3.046002,36.3613,45.3601,247.839,3,23.16,39.21,41.59,20.39,12.39,10.0688
0,2.28714,0.700034,1.848,4.54,0.24,1.697371497345234,1,0,11.6381,7.8921e-09,0.789645,0,24.83,1,0.28,7.1609,4.442357,27.2831,42.3388,139.136,3,0.24,4.54,1.23,2.39,0.84,0
3.85608138555652,0,2.28714,7.090000000000001,9.58,2.46,2.851341789403719,1,5.95706e-05,24.6305,0,11.6381,0,7.69905,0,0.26,7.1609,4.504223,34.2516,47.4297,216.568,3,6.75,7.41,9.58,2.46,9.25,10.35
4.13764217429705,22.8127,0,6.306,11.5,0.95,4.07791981284576,1,0,0,0,5.13609,0,13.6866,0,0.27,1.83923,6.304068,27.8102,42.0584,151.908,4,7.42,7.97,11.50,0.95,3.69,18.7838
2.41962039771728,18.7838,22.8127,4.386,6.15,2.52,1.400689116113922,1,0,0,0,0,0,5.40439,0,0.27,1.83923,6.293451,29.6862,43.6893,160.317,4,4.94,6.15,4.81,2.52,3.51,17.9649
1.09034363593981,17.9649,18.7838,3.324,5.88,1.57,1.702888722142466,1,0,3.13802,4.93245,0,0,0.092884,0,0.27,1.83923,6.267559,33.4961,45.2246,226.364,4,1.98,5.88,3.73,3.46,1.57,0.573803
1.96922798165148,0.573803,17.9649,4.888,8.25,1.77,2.325439743360382,1,1.086e-09,0,10.1127,3.13802,52.5927,0,0,0.27,1.83923,6.711338,33.6272,46.0217,170.758,4,1.77,5.24,4.98,8.25,4.20,0.0056412
0,0.0056412,0.573803,2.104,2.64,1.25,0.5264788694715107,1,1.59294,0,0.00426149,0,0,0.345268,0,0.27,1.83923,6.717068,33.7582,45.081,179.532,4,2.39,2.05,1.25,2.19,2.64,0.0297364
0,0.0297364,0.0056412,2.832,6.04,0.9,2.077382969026174,1,0,0.724121,0,0,0,0,0,0.27,1.83923,6.523041,30.3155,44.6648,163.023,4,0.90,3.74,1.62,6.04,1.86,0
0.022880134745374,0,0.0297364,1.384,3.14,0.34,1.173980408695137,1,0.0260112,0,0,0.724121,0,19.0697,0,0.26,1.83923,6.125541,27.8839,40.1103,159.285,4,0.70,0.71,3.14,0.34,2.03,0
1.45227487163949,0.00512243,0,4.036,8.9,0.17,3.729440976875757,1,0.000410525,0.776034,1.33968,0,2.47953,12.9514,1,0.26,7.1609,6.329001,33.065,45.8898,154.635,3,8.90,0.17,6.84,3.12,1.15,3.14494
4.22839596224017e-08,0,0.236887,2.2,4.02,0.33,1.505440134977143,1,0,0,0,0,0.0171713,0,0,0.28,1.83923,6.651890,31.5179,45.5924,167.408,4,2.29,4.02,0.33,3.24,1.12,0
0,0,0,0.8300000000000001,3.17,0,1.368356678647786,0,0,6.79279,0,0,0.2887,2.23839,0,0.28,1.83923,6.610045,30.9511,43.7367,151.361,4,0.00,0.00,0.04,3.17,0.94,0
0,0,0,0.82,3.36,0,1.455609837834301,0,0,0,0,6.79279,0,21.1014,0,0.27,1.83923,6.402768,35.1433,49.0742,151.639,4,0.00,0.00,0.00,3.36,0.74,0
0,0,0,0.67,2.02,0,0.8789766777338294,0,0,12.1556,9.317e-09,0,0,77.3308,0,0.26,1.83923,7.005665,29.3559,45.255,119.743,4,0.00,0.02,0.21,2.02,1.10,0
20.7272227603815,0,0,22.918,40.87,6.15,15.9063625634524,1,17.9616,0,13.6681,0,0,0.9013,1,0.26,7.1609,7.899427,36.4501,44.5191,223.924,3,28.00,33.26,40.87,6.31,6.15,28.0238
0.035240400973444,0,11.6012,1.824,3.98,0.15,1.432141752760529,1,0,0,0,0,0,0,1,0.26,1.83923,7.903513,32.5266,43.3888,265.874,4,2.22,1.71,1.06,3.98,0.15,0
1.01636490413067,0,0.567529,3.174,6.5,0.36,2.730545732999174,1,0,0,0,0,0.892333,0.341145,0,0.26,9.67787,7.342824,32.1852,40.3961,202.002,1,5.68,1.73,0.36,6.50,1.60,0
0.062924258348765,0,0,2.76,10.02,0.04,4.158389111182358,1,0,0,0,0,0.34049,0.0772206,1,0.26,7.1609,8.396930,31.1325,41.8328,156.727,3,1.64,0.04,0.06,10.02,2.04,1.02032
1.85002999687917,1.02032,0,6.196,16.61,2.73,5.881783743049382,1,0,0.626079,0.563462,0,0,4.71443,1,0.26,9.67787,8.229758,34.7753,47.1656,333.168,1,16.61,4.82,2.73,3.91,2.91,0
3.50955020605728,11.9718,11.1875,7.287999999999999,10.63,4.75,2.903914599295234,1,10.771,2.29562,17.8302,0,0.80081,10.295,1,0.27,9.67787,9.161837,32.538,39.4097,323.482,1,5.22,10.27,5.57,10.63,4.75,2.6077
1.13690594144083,2.6077,11.9718,3.682,6.05,1.82,2.012975409685871,1,0.00250338,20.401,0.0591189,2.29562,1.55289,0,0,0.28,9.67787,9.292023,31.8495,40.2676,207.211,1,2.05,1.82,5.63,2.86,6.05,0
1.40184219354956,0,2.6077,2.884,6.27,0.14,2.366184692706805,1,0,0,0,20.401,0,0,0,0.28,9.67787,9.295825,33.0782,43.4837,279.898,1,6.27,1.59,2.34,0.14,4.08,1.1967
1.77161966238469,1.1967,0,2.202,4.87,0.75,1.66438276847605,1,0.175054,0,3.18847e-08,0,0,0.206754,0,0.27,9.67787,9.583511,33.5995,43.4961,285.914,1,0.75,4.87,1.44,2.74,1.21,0
0.629840059750655,0,1.1967,0.9800000000000001,3.36,0,1.362497706420088,0,2.30519e-05,4.82729,0,0,0,0,0,0.27,9.67787,9.400131,32.0259,42.6455,158.643,1,0.20,0.68,0.00,3.36,0.66,18.3099
1.02582668334246,18.3099,0,1.782,4.95,0,2.04195249699889,1,0,0,0,4.82729,0,0,0,0.26,9.67787,8.456931,35.2586,44.836,144.495,1,0.00,2.33,0.01,4.95,1.62,0
2.33536707311207,0,18.3099,6.989999999999999,10.93,3.65,3.143763667962336,1,0,2.24508,0.179037,0,12.9631,12.8471,1,0.26,7.1609,8.519922,37.687,48.03,288.385,3,9.12,7.14,10.93,4.11,3.65,6.97535
2.31760882196029,6.97535,0,14.752,40.89,4.01,15.23067365548878,1,3.0931,3.81285,3.60406,2.24508,3.8751,0,0,0.25,7.1609,8.481747,32.973,46.9068,252.062,3,40.89,11.07,13.75,4.01,4.04,0
2.32075474120639,0,0,12.024,21.07,2.3,8.370479675621942,1,25.194,0,14.1518,0,0,0,1,0.26,7.1609,7.999509,38.1829,49.4078,322.804,3,18.24,21.07,4.26,14.25,2.30,16.6446
7.17668890492927,16.6446,0,27.618,55.45,4.82,22.56188977014115,1,17.9561,0,90.1166,0,78.4793,0,1,0.26,9.67787,7.664468,32.6579,46.2096,300.22,1,46.83,21.77,55.45,9.22,4.82,30.0296
4.12279877199467,30.0296,16.6446,14.254,30.7,6.88,10.1264273068047,1,7.94629,0,0,0,0,0,0,0.26,9.67787,7.950925,35.3024,45.1738,257.723,1,30.70,17.27,6.88,9.47,6.95,0
6.23588031787011,0,30.0296,26.608,44.65,7.07,17.44832140923591,1,0.00129962,0,1.14577,0,0,0,0,0.27,9.67787,7.816912,36.6639,44.645,272.466,1,44.65,31.99,40.06,7.07,9.27,8.76574
3.94629267419835,7.21416,8.76574,19.264,45.82,3.63,16.80506858063959,1,0.434156,0,0,0,0,0,1,0.27,7.1609,7.734738,30.0403,42.1576,211.035,3,22.45,45.82,18.14,6.28,3.63,0
5.43332365922423,0,7.21416,23.284,32.72,8.619999999999999,10.85995534060799,1,18.9396,3.4222,0,0,0,0,1,0.27,9.67787,7.571043,36.803,43.6524,248.119,1,27.67,32.72,32.31,15.10,8.62,0
2.71467350383465,0,0,7.272,10.56,3.41,2.774755845115025,1,1.92343,0,4.2735,3.4222,28.8876,0,0,0.27,9.67787,7.589760,35.2629,42.0006,240.252,1,7.46,5.89,10.56,3.41,9.04,51.035
0,51.035,0,4.302,6.17,2.89,1.43250479929388,1,0,1.9954,0,0,0,0.114192,0,0.27,9.67787,8.500377,32.3877,40.2422,226.835,1,3.08,2.89,4.00,5.37,6.17,0
0,0,51.035,3.04,5.14,0,2.008145911033359,1,0,0,9.24758e-08,1.9954,0,0,0,0.27,9.67787,9.030720,31.4422,38.9986,187.712,1,3.74,4.15,2.17,0.00,5.14,0.239792
0,0,0.239792,5.61,8.66,1.94,2.735251359564602,1,0,0,0.107649,0,0,2.12318,0,0.27,1.83923,9.697660,36.9354,44.6549,344.312,4,8.66,4.06,5.60,1.94,7.79,0
0,0,0,13.444,23.89,1.11,9.362861742010292,1,0,4.6983,2.87975e-09,0,0,0,1,0.26,9.67787,9.674077,37.2802,43.8575,209.862,1,1.11,21.66,23.89,9.31,11.25,66.8582
0,66.8582,0,17.41,23.8,12.71,5.346947727442265,1,0,3.70882,5.78448,4.6983,0,11.8814,0,0.26,9.67787,9.537662,37.9677,45.7756,291.112,1,14.54,23.80,22.61,12.71,13.39,0
0,0,66.8582,21.354,29.07,12.02,6.980793651154574,1,0.038609,0,5.70467,3.70882,0,0.0473721,0,0.26,9.67787,9.246503,37.3443,44.558,238.969,1,22.68,29.07,26.32,16.68,12.02,39.5249
0.720872553269768,39.5249,0,23.818,32.53,11.76,7.740463164436609,1,16.9371,0,0,0,0,0,0,0.26,9.67787,9.430409,36.9548,43.7215,272.219,1,26.49,32.53,21.81,26.50,11.76,1.12498
5.33530007456979,1.12498,39.5249,26.176,41.1,5.23,14.88212619218101,1,0,1.62373,5.94884,0,0,0,0,0.26,9.67787,9.338538,35.8857,43.2604,250.792,1,36.65,41.10,31.19,16.71,5.23,2.65915
0,0,44.4944,1.414,5.84,0,2.513290671609633,1,0,0,0,0,0,3.61752,1,0.27,9.67787,8.357309,31.9528,45.2862,188.627,1,0.00,0.07,0.09,5.84,1.07,0
3.38531560550259,3.40806,19.4461,7.269999999999999,10.26,5.23,1.936091423461196,1,28.6018,0,27.6338,0.711452,0.984557,1.35818,1,0.27,9.67787,7.916003,34.8564,43.2734,217.899,1,7.95,5.23,10.26,6.68,6.23,6.81384
10.9530235461807,44.5958,0,21.432,30.95,6.05,11.92021686044344,1,0,0,10.6112,0,0,0,1,0.26,9.67787,9.523878,38.4312,45.71,268.531,1,30.95,29.96,29.18,11.02,6.05,3.32363
3.51145618330088,3.32363,44.5958,16.728,25.93,5.27,8.27498459213067,1,0.0194076,3.87353,0,0,0,2.03715,0,0.26,9.67787,8.964249,38.1587,45.1583,234.587,1,21.46,25.93,19.52,11.46,5.27,0.0698631
2.65084389592588,1.58274,0.0698631,25.646,38.22,4.94,16.41969183632872,1,0.676105,43.9349,0,141.469,0,1.07169,1,0.27,7.1609,8.840341,35.7727,42.1452,212.637,3,38.16,36.21,38.22,4.94,10.70,6.96453
2.34079047461276,6.96453,1.58274,10.26,36.64,0.25,15.14440325664897,1,22.2704,0,0,43.9349,0,13.2341,1,0.28,9.67787,9.293322,33.1644,40.1939,226.37,1,1.32,36.64,3.92,0.25,9.17,2.91188
4.51297443892864,2.91188,6.96453,21.972,44.08,1.35,17.26318829185385,1,0,0,0,0,0.353962,5.32556,0,0.28,9.67787,8.554205,36.6794,43.8913,342.572,1,44.08,13.10,34.94,1.35,16.39,4.05464
4.29299322275533,4.05464,2.91188,13.902,16.43,10.27,2.378165259186165,1,0,0,5.70874e-07,0,0,0,0,0.28,9.67787,8.195117,36.6295,44.3056,346.448,1,16.43,15.46,14.18,13.17,10.27,22.4499
2.81366491519521,0,0,10.68,18.93,4.17,6.257595384810367,1,1.06391e-08,0,0,0.0529419,5.56229,0.0352232,1,0.26,7.1609,7.690858,37.9966,47.0522,204.621,3,18.93,9.05,15.29,5.96,4.17,14.5857
4.69956588914858,14.5857,0,16.034,23.03,2.57,9.48939566042011,1,0.00679609,0.207835,0.459071,0,1.97072,0,1,0.27,9.67787,8.025607,37.7758,45.9795,280.229,1,23.03,22.33,22.84,2.57,9.40,12.3225
5.421957203375,12.3225,14.5857,10.772,19.05,4.53,5.914581134788836,1,1.76944,0,0,0.207835,0,0.518514,0,0.26,9.67787,8.617433,38.0941,45.2619,234.296,1,4.53,10.56,13.78,19.05,5.94,6.13432
9.26482968388453,6.13432,12.3225,16.496,27.98,6.04,8.36482097835931,1,3.57465,1.97343,4.06384e-08,0,0,0.261839,0,0.26,9.67787,8.843188,37.7804,46.2966,234.199,1,11.57,27.98,16.60,20.29,6.04,11.011
7.97327447124803,11.011,6.13432,12.74,17.86,5.52,4.633481412501835,1,1.63763,0,0,1.97343,0,3.05844,0,0.26,9.67787,8.846007,35.6269,44.8937,223.755,1,13.27,15.26,11.79,17.86,5.52,0
3.97488458858104,11.4098,0,15.344,25.27,8.550000000000001,8.007863635202586,1,94.3522,10.7336,0,0,0.00222521,0.115488,0,0.28,7.1609,3.889677,32.27,44.3834,146.318,3,8.55,25.27,22.77,9.38,10.75,2.47664
5.04672779115355,2.47664,11.4098,11.71,18.18,5.03,5.706448107185413,1,31.278,10.2405,8.46628,10.7336,0.215702,0,0,0.27,7.1609,4.084609,38.2614,47.4141,332.912,3,18.18,15.29,6.47,13.58,5.03,0
5.20545608274048,0,2.47664,6.274,12.8,2.4,4.156342141835776,1,23.4167,1.89806,0.631298,10.2405,0,0.784172,0,0.26,7.1609,4.181352,35.6066,47.3038,219.114,3,12.80,2.40,7.52,3.24,5.41,21.9067
2.60884778676984,21.9067,0,5.88,17.76,1.31,6.898525204708613,1,0.0389152,0,0,1.89806,0.0116016,10.7739,0,0.26,7.1609,4.371904,36.5272,47.9922,304.526,3,1.31,17.76,2.22,2.02,6.09,4.23923
6.24176076922107,4.23923,21.9067,16.14,34.48,5.65,11.0686584552962,1,15.7018,11.4819,0,0,0,0.590636,1,0.26,1.83923,4.801871,34.9497,43.5422,254.098,4,11.23,17.43,34.48,5.65,11.91,17.7502
2.50926354476203,17.7502,4.23923,1.59,5.05,0,2.103295033988337,1,5.10098,17.7157,0,11.4819,0,0,0,0.26,1.83923,4.772923,34.4636,44.333,198.714,4,0.38,0.00,0.39,2.13,5.05,0
6.12922940929069,0,17.7502,8.418000000000001,12.89,1.9,4.558132292946311,1,0,0,5.55558e-07,17.7157,0,16.4836,1,0.27,7.1609,4.982752,37.308,46.0064,255.348,3,12.89,7.35,1.90,12.68,7.27,12.2246
0,12.2246,0,0.174,0.39,0,0.1522497947453461,0,52.6803,0,16.588,0,0.0179223,8.3859,1,0.26,1.83923,4.481988,14.7994,42.2761,182.554,4,0.20,0.00,0.06,0.39,0.22,0
0,0,12.2246,0.222,0.84,0,0.3629325006113396,0,1.10262e-05,0,10.9446,0,26.3255,0.852066,0,0.26,1.83923,4.927807,15.4483,43.2681,291.162,4,0.01,0.00,0.00,0.84,0.26,0
7.53931681457774,0,0,10.166,18.94,1.31,7.359458539865551,1,1.45573,5.70805,0,0,0,0,1,0.26,7.1609,4.573562,26.9121,42.9968,293.183,3,18.94,1.31,16.34,5.61,8.63,0
10.1910093018583,0,0,29.218,57.22,5.85,20.96299644611905,1,22.1223,0,30.7437,5.70805,0,5.76088,0,0.27,7.1609,4.339500,39.2267,48.7619,338.091,3,57.22,44.14,22.06,5.85,16.82,0
9.26389922540385,0,0,11.944,20.32,2.31,6.825538806570511,1,0.000802657,0,0,0,20.8697,0,0,0.27,7.1609,4.286920,35.9373,45.2356,202.433,3,16.15,11.29,9.65,2.31,20.32,42.6923
5.34777953637575,42.6923,0,11.542,16.99,7.83,4.174987425130762,1,0,0.935576,0,0,0.0118697,0,1,0.26,1.83923,3.843701,32.4476,43.8395,218.845,4,7.83,16.99,8.07,9.89,14.93,2.16719
1.40938691840494,2.16719,42.6923,8.878,17.23,0.83,7.432601832467551,1,8.47971e-05,2.76273,1.39033e-07,0.935576,0,4.39823,0,0.26,1.83923,3.628018,30.1026,44.4238,207.205,4,1.55,0.83,17.23,10.38,14.40,0
0,0,2.16719,2.086,8.51,0.01,3.609824095437338,1,0,4.97639,0,2.76273,0,0,0,0.27,1.83923,3.759851,31.9628,42.4838,271.655,4,0.70,0.01,0.26,0.95,8.51,0
0,0,0,0.522,2.01,0,0.8665275529375853,0,0,0.175201,0,4.97639,0,4.25997,0,0.26,1.83923,3.508615,28.9038,39.6754,256.042,4,0.00,0.00,0.03,0.57,2.01,0.000157478
0,0,0,4.926,7.15,0.01,3.175756602764135,1,0,4.09959,0,4.06735,3.8377,44.5076,0,0.28,6.04167,2.672051,38.0347,46.079,238.349,2,6.99,3.40,0.01,7.08,7.15,1.37964
0.268395705326079,1.37964,0,6.859999999999999,13.05,4.27,3.57863800907552,1,7.88599,8.98937,0.0321053,4.09959,0,0,0,0.28,6.04167,3.046002,37.3262,45.7674,239.01,2,4.68,6.62,4.27,13.05,5.68,0
3.48236481253905,0,1.37964,25.264,49.78,13.8,14.22982536786731,1,6.38347,0,34.4261,8.98937,0,10.144,1,0.27,7.1609,3.207787,36.5227,43.8785,237.178,3,21.07,17.62,49.78,24.05,13.80,1.97729
16.9732291862273,1.97729,0,26.764,50.16,9.369999999999999,16.00703689006806,1,43.5487,0,28.5137,0,0,0,0,0.27,7.1609,3.415085,37.4901,44.4042,266.959,3,50.16,35.13,9.37,20.52,18.64,23.7158
0,23.7158,1.97729,2.686,8.720000000000001,0.18,3.490040114382642,1,0.00111953,0,0.0245922,0,4.54967,1.6879,0,0.26,7.1609,3.506013,37.5706,44.1416,257.452,3,0.18,0.42,1.83,8.72,2.28,0.105542
0,0.105542,23.7158,4.986,9.01,0.12,3.480205453705284,1,0,18.1124,8.23151e-07,0,0,0,0,0.27,7.1609,3.855860,33.8932,44.3885,182.192,3,9.01,0.12,3.33,5.07,7.40,2.24948
0,2.24948,0.105542,3.41,5.68,1.51,1.580696049213763,1,21.1942,1.05054,74.8806,18.1124,0,0,0,0.26,7.1609,4.167224,31.4083,42.4995,187.202,3,1.51,2.52,3.28,5.68,4.06,0
0,0,2.24948,2.314,4.29,0.38,1.793608095432221,1,41.422,0,0.0320718,1.05054,0,0,1,0.26,6.04167,4.387004,31.1897,41.405,326.695,2,0.61,0.38,2.46,4.29,3.83,0
0,0,0,1.714,3.61,0,1.667642047922755,1,0.346325,3.88783,0,0,0,0.0431101,0,0.27,6.04167,4.492113,36.2363,44.0751,241.309,2,2.97,0.00,0.00,1.99,3.61,0
0,0,0,5.248,12.8,0.67,4.970489915491229,1,8.38172e-05,0.247123,1.61274,3.88783,0,0,0,0.26,6.04167,4.447330,36.5432,45.579,336.983,2,0.88,0.67,12.80,5.32,6.57,8.22386
3.99386622781869,8.22386,0,8.045999999999999,20.08,0.87,8.878306707925786,1,0,0,0,0.247123,0,0,1,0.26,7.1609,4.442357,39.2365,46.7671,247.047,3,1.91,20.08,2.34,0.87,15.03,11.4268
0,11.4268,8.22386,1.674,2.92,0.01,1.422473198341536,1,36.6721,2.26686,66.9634,0,0.114083,0,1,0.27,1.83923,4.504223,33.1472,43.6183,218.993,4,2.44,0.25,2.92,0.01,2.75,0
0,0,11.4268,1.234,4.55,0,1.899020800307358,1,3.30072e-05,1.12286,26.9797,2.26686,0,0.135941,1,0.27,6.04167,4.539420,34.6275,45.9093,196.205,2,0.00,0.00,4.55,0.92,0.70,0
0,0,0,2.19,4.88,0,2.088875295464045,1,0,0,7.26188e-07,1.12286,0.167917,0,0,0.28,6.04167,5.205030,32.4232,42.9144,288.775,2,0.00,3.21,0.16,4.88,2.70,0
0,0,0,3.036,6.52,0.23,2.618488113396736,1,0,0,0,0,0,0,0,0.26,6.04167,5.660153,35.1734,44.9513,308.917,2,0.23,6.52,1.73,1.69,5.01,0
1.69123174613411,0,0,4.464,12.29,0.54,4.58577474370471,1,0,1.76719,0,0,17.6683,0,0,0.26,6.04167,5.875955,37.7265,46.5792,309.226,2,4.26,12.29,0.54,3.16,2.07,7.47202
4.7354523308206,7.47202,0,6.794,26.41,0.4,11.10962780654689,1,4.07977,8.33782,105.796,1.76719,0,2.70313,0,0.27,6.04167,5.738710,35.5496,44.0897,290.88,2,26.41,1.27,0.96,0.40,4.93,14.0435
6.56010895797401,14.0435,7.47202,25.286,35.23,10.57,11.70345589986137,1,0.0090658,0.139376,0.713624,8.33782,0,48.5714,0,0.26,6.04167,6.017794,35.8663,45.0291,303.73,2,35.23,35.17,30.53,14.93,10.57,3.05408
8.29331194981534,3.05408,14.0435,13.624,26.06,0.73,12.02045257051497,1,40.391,2.45809,0,0.139376,0,0.285252,0,0.26,6.04167,6.304068,35.8653,44.2853,242.351,2,25.31,26.06,13.37,0.73,2.65,22.5312
4.26759680251247,22.5312,3.05408,4.794,15.9,0.2,6.440417688318049,1,0.000275801,12.0799,0,2.45809,0,2.16323,0,0.26,6.04167,6.293451,34.0464,45.2937,292.265,2,0.20,15.90,0.57,4.36,2.94,34.1297
6.99505371127866,34.1297,22.5312,18.182,32.38,5.32,11.65323002433231,1,23.2789,0,45.2779,12.0799,0,3.42368,0,0.27,6.04167,6.267559,39.559,48.4159,322.518,2,32.38,19.23,26.27,7.71,5.32,4.49162
8.29553040918692,9.11646,4.49162,30.9,66.89,7.01,23.89129967163779,1,0.741828,0,73.7579,0.0234411,0,0,0,0.26,6.04167,6.717068,36.5955,44.5177,251.995,2,33.01,36.28,66.89,7.01,11.31,13.8477
9.14431423912212,13.8477,9.11646,37.44,59.45,10.05,20.71746364785033,1,0,0,0.749648,0,8.47464,0,1,0.26,9.67787,6.523041,37.9656,43.4319,265.136,1,59.45,49.49,46.65,21.56,10.05,12.8559
7.85316130693319,12.8559,13.8477,14.026,39.77,0,15.53055633259801,1,0.245468,16.2071,64.9337,0,0,4.1061,1,0.26,6.04167,6.125541,36.4653,44.0835,343.124,2,9.82,15.72,39.77,0.00,4.82,0.886702
7.27591249878901,0.886702,12.8559,11.318,18.6,5.51,5.036607985539475,1,11.0898,4.00545,1.77374,16.2071,0.521569,0,1,0.26,9.67787,6.211776,34.1334,45.0379,245.011,1,13.24,18.60,11.24,8.00,5.51,0
5.36522387627633,0,0.886702,7.266,10.51,3.58,2.550554841598196,1,0.225335,0,24.4477,4.00545,0,19.7996,1,0.26,6.04167,6.329001,39.7027,45.8084,213.817,2,7.01,10.51,8.51,3.58,6.72,3.17696
6.79431935020093,3.17696,0,13.388,20.98,0.47,8.719576824594185,1,0.000169594,0,0.0246362,0,13.2604,7.61563,1,0.26,7.1609,6.615912,36.9877,44.9139,236.353,3,15.61,20.85,20.98,0.47,9.03,5.96035
7.60718412427188,5.96035,3.17696,6.859999999999999,16.09,0.27,5.990584278682673,1,36.7611,0.332267,0,0,0,0.17899,0,0.27,7.1609,6.494805,33.608,42.3472,216.17,3,16.09,3.09,7.23,0.27,7.62,14.7608
6.18228562543249,14.7608,5.96035,3.034,5.14,0,2.03522234657543,1,0.000641636,0,0.00202486,0.332267,0,0,1,0.27,9.67787,6.372158,31.998,38.375,208.95,1,4.65,2.89,2.49,0.00,5.14,2.7696
4.94500784657991,2.7696,14.7608,1.08,3.75,0.01,1.554445238662334,1,8.04876,0.0339145,0,0,0.27556,0,0,0.26,9.67787,6.651890,33.9973,39.992,293.957,1,1.12,0.11,0.41,0.01,3.75,0
4.81580200465207,0,2.7696,23.326,34.1,1.14,14.73335942682456,1,0.00101757,1.11102,4.08353e-07,0.0339145,0,0.965082,0,0.26,9.67787,6.610045,37.906,43.9,259.461,1,32.44,33.81,34.10,1.14,15.14,2.58521
15.5216849361935,2.58521,0,36.04600000000001,57.57,22.48,14.04910780085341,1,0.382144,2.41476,15.9989,1.11102,0,0,0,0.27,9.67787,6.402768,37.3631,42.8762,262.076,1,36.61,57.57,39.05,22.48,24.52,87.0534
7.92317783278496,87.0534,2.58521,13.84,23.86,3.77,9.193957254631979,1,6.29377,1.44736,0.0245579,2.41476,4.62126,0,0,0.27,9.67787,7.005665,36.0116,42.2886,201.212,1,23.86,3.77,18.00,4.35,19.22,11.1024
7.65716920195324,11.1024,87.0534,13.068,23.83,2.76,10.18244420559229,1,1.21946e-06,0,0,1.44736,8.0876,0,0,0.26,9.67787,8.030622,37.301,43.6196,211.614,1,2.76,22.37,23.83,2.78,13.60,0
6.05602280295125,0,11.1024,13.786,22.45,5.52,6.183237824958701,1,0.0479418,1.59309,0,0,0.0186611,4.39795,1,0.25,6.04167,7.899427,35.6385,44.0487,209.165,2,22.45,15.39,11.21,5.52,14.36,0.0659383
0.689559394855262,0.0659383,0,6.32,12.73,0.79,4.597461255954204,1,0.0513896,2.05111,0,1.59309,0,0.204319,1,0.26,7.1609,8.377883,37.1688,46.6422,272.281,3,0.79,3.46,6.14,12.73,8.48,2.44403
7.68391729680477,2.44403,0.0659383,33.73800000000001,66.03,11.02,20.37625014569658,1,71.6857,0,1.4529,2.05111,0,0.712819,1,0.27,9.67787,8.253767,38.7233,45.2472,275.307,1,33.43,66.03,34.53,23.68,11.02,21.1188
0.599572534130852,21.1188,2.44403,0.76,3.34,0,1.446858666214499,0,0.806802,0,1.54246,0,26.1078,0.014277,0,0.27,9.67787,7.903513,33.714,43.6815,223.42,1,0.24,0.22,0.00,0.00,3.34,2.1147
3.43180012153292,2.1147,21.1188,9.102,21.16,1.25,8.315110943336835,1,0,0,0,0,0,0,0,0.27,9.67787,8.058326,34.5609,44.4268,234.41,1,21.16,6.51,2.75,1.25,13.84,0.0122912
0.023925670356423,0.0122912,2.1147,8.34,18.43,0.36,6.922409262677265,1,4.44771e-10,0,1.96342e-07,0,0,0,0,0.26,9.67787,8.237429,36.0695,44.4957,261.464,1,0.36,10.74,18.43,3.82,8.35,0.0024946
4.30134532961678,0.0024946,0.0122912,18.516,25.82,15.03,4.26377532241088,1,0,0,2.98599e-07,0,0,0,0,0.27,9.67787,8.164481,35.5611,47.1594,198.588,1,18.39,15.03,16.23,25.82,17.11,44.3328
5.85975912074246,44.3328,0.0024946,17.55,28.06,3.38,11.72163597796826,1,0.0339593,0,1.079e-06,0,0,0,0,0.27,9.67787,8.903107,35.4255,45.8479,212.535,1,3.38,28.06,26.37,23.55,6.39,49.1897
0.0987612176489082,49.1897,44.3328,1.15,3.32,0.21,1.278690736652143,1,0.693329,0,2.11933e-08,0,0,0,1,0.27,1.83923,8.946066,31.133,42.1825,207.793,4,1.27,0.58,0.21,0.37,3.32,0.393676
8.12704789853158e-10,0.393676,49.1897,0.404,1.45,0.01,0.5921824043316383,0,8.1671,5.33559,0.251889,0,0,0,1,0.27,6.04167,8.940702,32.6067,44.2325,208.9,2,0.01,0.17,0.12,0.27,1.45,0
0,0,0.393676,0.326,0.83,0,0.4465198763773008,0,0,10.1014,0.0409528,5.33559,0,1.81416,0,0.27,6.04167,8.045899,35.8593,45.6681,182.104,2,0.00,0.00,0.00,0.83,0.80,0
0,0,0,0.9460000000000001,2.48,0,1.239709643424621,0,0.29996,18.1834,0.358124,10.1014,0,4.62975,0,0.27,6.04167,8.057447,35.2243,47.7863,182.54,2,0.00,0.14,0.00,2.11,2.48,0
0.14299438092871,0,0,2.506,6.47,0.14,2.399131092708358,1,3.41321,0,0.367265,18.1834,49.7623,3.77016,0,0.26,6.04167,7.121643,33.5328,43.3912,295.744,2,0.14,1.34,1.93,2.65,6.47,0
0,0,0,6.880000000000001,27.77,0,11.75914325110465,1,0.909933,1.21786,0,0,0,0.00901657,0,0.27,6.04167,6.815033,36.6001,45.2581,197.966,2,2.83,0.00,27.77,0.60,3.20,0
1.36827948417663,0,0,9.394,28.92,0,11.49076933890851,1,1.9898,5.60399,0,1.21786,0,0,0,0.27,6.04167,6.735656,32.1721,41.9765,174.961,2,0.00,28.92,3.38,4.69,9.98,2.93884
3.489250322075,2.93884,0,10.47,18.48,5.51,5.401356311150006,1,11.2679,0,0,5.60399,0,0,0,0.26,6.04167,6.680783,36.7354,43.8758,300.112,2,13.51,18.48,5.51,7.70,7.15,6.39299
4.99571287383144,6.39299,2.93884,13.708,19.84,2.77,6.91310856272343,1,0.175963,0.0526761,35.136,0,0,0,0,0.26,6.04167,6.383714,38.5952,45.7229,227.19,2,19.84,17.94,16.81,2.77,11.18,5.23115
4.43095552551893,5.23115,6.39299,21.342,42.47,13.97,12.02268148126698,1,0.0236932,1.32236,0.832683,0.0526761,0.584865,0,1,0.27,9.67787,6.830793,36.6676,43.2164,247.084,1,42.47,19.44,14.08,16.75,13.97,43.8749
18.1938560548928,43.8749,5.23115,32.534,49.86,10.41,18.93775409070463,1,0,0,2.17102,1.32236,0,0,1,0.26,6.04167,7.342824,37.9563,42.6904,252.69,2,49.86,42.96,45.85,10.41,13.59,30.1264
6.71329669274488,30.1264,43.8749,7.26,15.86,0,7.80075316876518,1,0,0.036733,0,0,0,0,0,0.27,6.04167,8.396930,36.4871,44.1788,236.822,2,15.18,0.00,0.27,4.99,15.86,1.07555
2.13888757003287,1.07555,30.1264,4.556,10.25,0.96,3.635090095169582,1,1.24542,0,72.5107,0.036733,0,0,1,0.27,9.67787,8.229758,27.1131,41.4657,192.225,1,4.61,1.87,0.96,5.09,10.25,2.40351
0,27.7868,9.6868,8.374000000000001,21.55,0,9.261081470325159,1,4.46673,0,0,0,2.32135,0,0,0.27,6.04167,9.161837,35.1629,44.8814,231.193,2,0.00,21.55,14.55,2.20,3.57,0.0856197
4.25732501341522,0.0856197,27.7868,3.088,9.550000000000001,0,4.052526372523689,1,0.178162,0,0,0,0,0.0189681,0,0.27,6.04167,9.292023,36.0724,44.9954,190.94,2,0.86,0.42,0.00,4.61,9.55,25.895
1.37445979691637,25.895,0.0856197,2.906,7.43,0,2.767684953169345,1,1.31125,9.61773,1.49107,0,0,0,0,0.28,6.04167,9.295825,33.919,44.1076,209.446,2,3.06,0.00,1.76,2.28,7.43,42.597
8.90643958918251,42.597,25.895,11.244,19.23,6.88,4.762764953259818,1,0,7.23127,0,9.61773,0,0,0,0.26,6.04167,9.583511,35.7047,45.4912,270.075,2,19.23,6.88,9.45,9.10,11.56,10.657
0,10.657,42.597,9.853999999999999,16.94,3.77,4.831731573670044,1,0,0,0,7.23127,0,0,1,0.27,9.67787,9.400131,37.966,44.7426,226.299,1,7.85,11.26,3.77,9.45,16.94,2.0558
0,2.0558,10.657,7.124000000000001,12.21,2.92,3.829396819343747,1,0.0012006,0,0,0,40.6255,0,0,0.26,9.67787,8.456931,37.6697,45.7375,236.454,1,12.21,4.73,5.85,2.92,9.91,21.2125
0,21.2125,2.0558,2.53,5.11,0,2.358251470899573,1,0,0,0,0,0,0,1,0.27,6.04167,8.519922,38.2423,46.3484,211.437,2,0.00,5.11,0.09,4.16,3.29,2.36768
0,2.36768,21.2125,3.5,7.79,0,3.428826329810246,1,0,0,0,0,0,0,0,0.27,6.04167,8.481747,37.1166,49.2905,235.42,2,7.79,0.00,0.00,4.38,5.33,1.22732
0,1.22732,2.36768,3.592,7.66,0,3.234234066977837,1,40.6167,0,90.0909,0,0,2.22554,0,0.28,6.04167,8.265777,38.2531,48.1953,217.61,2,7.66,0.77,0.00,5.68,3.85,15.1958
0,15.1958,1.22732,13.146,22.96,6.04,7.090442863460646,1,0,0,120.583,0,0,0,0,0.27,6.04167,8.271855,38.1276,47.3307,247.333,2,13.57,16.54,22.96,6.04,6.62,3.8515
5.42928503277284,3.8515,15.1958,14.052,26.54,2.18,10.35525325619803,1,67.9176,0,0,0,0.46353,1.06421,1,0.27,7.1609,7.999509,35.6064,44.4548,214.196,3,2.18,5.65,26.54,14.00,21.89,0
1.6214466162676,0,3.8515,32.806,45.92,16.13,13.1393409271546,1,0,0,0,0,1.03838,0,1,0.27,9.67787,7.664468,37.5022,44.7426,275.016,1,21.62,42.00,45.92,16.13,38.36,4.29328
2.59696833615095,4.29328,0,10.7,30.48,0.57,13.11705569096968,1,0,0,0,0,0,0,0,0.26,9.67787,7.950925,37.3841,44.4897,242.848,1,3.68,17.80,0.57,0.97,30.48,0
4.29452436705421,0,4.29328,11.586,20.03,1.46,6.845993718957095,1,17.6617,0,0,0,0,0,1,0.26,6.04167,7.816912,36.7647,44.4907,317.85,2,20.03,12.31,14.58,1.46,9.55,22.4137
8.76115005789942,22.4137,0,22.108,38.14,3.21,13.52335831071558,1,6.8138,0,9.35329,0,0,0,0,0.27,6.04167,7.278271,36.3138,46.0795,329.902,2,38.14,26.81,28.03,3.21,14.35,8.26097
12.2639437111576,8.26097,22.4137,2.626,8.970000000000001,0,3.713667998084913,1,19.4637,0,0,0,0,0,0,0.28,6.04167,7.734738,38.1655,46.9626,303.978,2,0.01,1.54,0.00,2.61,8.97,14.0734
4.26193895889051,14.0734,8.26097,6.48,11.49,0.31,4.78816248680013,1,0.00341861,0,3.23112,0,0,0,0,0.27,6.04167,7.571043,38.0803,45.497,238.1,2,2.75,0.31,7.77,11.49,10.08,17.2368
7.29320963823665,17.2368,14.0734,19.516,33.52,5.58,10.33228580711935,1,38.5439,0,166.945,0,0,0.506342,1,0.26,9.67787,7.589760,39.2028,46.2773,239.98,1,5.58,33.52,24.17,15.76,18.55,22.3881
8.13766644247574,22.3881,17.2368,30.722,59.47,12.76,18.50225851078727,1,1.40742,0,9.39703,0,37.6747,0,0,0.28,9.67787,8.500377,34.6066,43.1642,303.178,1,25.79,59.47,37.25,12.76,18.34,9.97095
5.81653878416432,9.97095,22.3881,24.282,36.29,6.21,12.94317078617137,1,0.157965,0,0,0,0,0,0,0.28,9.67787,9.030720,37.7713,46.2797,241.798,1,6.21,36.29,34.95,15.86,28.10,1.26244
8.24256993388668,1.26244,9.97095,22.246,44.19,9.779999999999999,13.90330823940834,1,0,0,5.21484e-08,0,0,0,0,0.28,9.67787,9.474093,37.5201,45.8103,228.128,1,44.19,14.00,27.44,9.78,15.82,15.0597
7.95592970671973,15.0597,1.26244,16.156,19.9,7.83,4.840323336307192,1,0,0,0,0,0,0,0,0.27,9.67787,9.697660,169.061,170.965,2743.32,1,19.90,19.04,7.83,16.45,17.56,17.128
7.6806931174798,17.128,15.0597,25.716,37.83,9.17,11.28063296096456,1,0.826812,0,4.12707e-08,0,0,0.15937,0,0.27,9.67787,9.674077,38.8771,46.5012,341.121,1,27.32,33.53,37.83,9.17,20.73,18.7779
9.16798080848216,18.7779,17.128,24.54,37.69,4.17,13.65379434443041,1,0.906422,0,2.39613e-05,0,0,0,0,0.27,9.67787,9.537662,34.106,45.0042,338.951,1,32.69,30.82,37.69,4.17,17.33,33.5479
10.4040950047385,33.5479,18.7779,8.156000000000001,14.62,0.42,6.431215281733305,1,0,0,13.5889,0,0,0,0,0.27,9.67787,9.246503,38.7465,46.4821,265.481,1,9.30,13.81,0.42,2.63,14.62,1.98023
15.5421795641473,1.98023,33.5479,8.766000000000002,20.81,0.11,8.89968707315038,1,4.84364,0,0,0,0,0,0,0.27,9.67787,9.430409,34.566,44.3079,259.223,1,1.31,0.11,14.86,20.81,6.74,26.3858
11.4643365492001,26.3858,1.98023,1.458,3.66,0,1.9964768969362,1,0,0,1.99822e-05,0,0.169734,0,1,0.27,6.04167,9.338538,34.834,46.4145,226.356,2,0.00,0.00,0.00,3.63,3.66,6.7687
10.6631357169084,6.7687,26.3858,7.536000000000001,15.75,3.63,5.479601262865757,1,0,0,1.73828e-08,0,7.64162,0,0,0.28,6.04167,9.839607,39.5352,50.3602,278.291,2,10.66,3.80,15.75,3.63,3.84,0
4.50159342581022,0,6.7687,1.028,3.17,0,1.470193864767501,1,0,0.891023,0,0,0,16.9577,0,0.28,6.04167,9.464148,34.0138,48.1468,271.025,2,0.00,0.00,0.00,3.17,1.97,1.46291
6.82526456654754,1.46291,0,0.6759999999999999,1.82,0,0.9302042786399125,0,0,0,0,0.891023,0,4.72145,0,0.28,6.04167,8.357309,34.4755,47.0638,156.246,2,0.00,0.00,0.00,1.82,1.56,24.5536
8.18355691213903,24.5536,1.46291,1.142,3.43,0,1.615741315929007,1,0.0389683,0,0,0,0.309933,0,0,0.28,6.04167,8.397877,33.4278,44.22,225.499,2,0.00,0.00,0.00,3.43,2.28,18.3797
12.6621379278583,18.3797,24.5536,0.89,1.85,0,0.7820805585104389,0,0,0,25.2866,0,0.0798981,4.02229,0,0.29,6.04167,8.176646,34.6899,43.9519,192.992,2,0.69,0.00,0.37,1.85,1.54,65.3447
11.8463640109672,65.3447,18.3797,0.7380000000000001,1.86,0,0.8837533592581134,0,0,0,0,0,0,0,0,0.29,6.04167,7.916003,34.8142,45.8449,313.105,2,0.12,0.00,0.18,1.86,1.53,8.64986
10.562154352748,8.64986,65.3447,1.072,3.14,0,1.357541896222728,1,0.56374,0,4.80208e-08,0,0,1.28744,0,0.28,6.04167,8.546707,35.7785,45.3925,309.658,2,0.00,0.00,0.48,1.74,3.14,6.35951
8.05824240246195,6.35951,8.64986,1.062,2.67,0,1.454242070633359,1,0,0,0.993368,0,119.85,0.654188,0,0.28,6.04167,8.977114,35.6375,46.7805,311.586,2,0.00,0.00,0.00,2.67,2.64,8.54425
6.65287912100994,8.54425,6.35951,1.12,3.07,0,1.513423271923621,1,1.82989,0,0.00491442,0,0,0,0,0.28,6.04167,9.126106,33.8663,45.9839,241.783,2,0.00,0.08,0.00,3.07,2.45,0
6.94475092007136,0,8.54425,2.09,5.38,0,2.863948323556135,1,0.134087,0,0,0,0,5.9895,1,0.27,9.67787,9.523878,37.2468,48.3034,214.923,1,0.00,0.00,0.00,5.38,5.07,0.00121146
1.68304490610697,0.00121146,0,8.672000000000001,13.29,5.34,2.990162202958227,1,12.5201,0,0,0,0,0,0,0.26,9.67787,8.964249,172.647,175.331,2748.79,1,5.34,13.29,7.06,9.42,8.25,0.78208
0.465983803561996,0.78208,0.00121146,11.462,19.47,7.03,5.216557293848117,1,0,0,33.3692,0,41.7721,0,1,0.27,6.04167,9.202844,37.2789,46.2096,232.647,2,19.47,7.21,9.96,13.64,7.03,0.981029
10.4300914912345,0.981029,0.78208,0.7819999999999999,2.51,0,1.134380888414469,0,20.2141,0,0,0,0,0,0,0.27,6.04167,8.840341,31.6902,45.9706,211.18,2,0.00,0.02,0.00,2.51,1.38,16.8621
7.92058041250482,16.8621,0.981029,0.868,3.48,0,1.480783576354087,0,0,0,0,0,0.49377,0.557534,0,0.27,6.04167,9.293322,31.2356,45.0272,192.966,2,0.26,0.00,0.00,3.48,0.60,0
5.9656160123197,0,16.8621,0.5880000000000001,1.85,0,0.8488050423978406,0,2.6435e-05,1.22947,3.99356e-06,0,0,0,0,0.29,6.04167,8.554205,32.6038,45.747,188.834,2,0.00,0.00,0.00,1.85,1.09,0
3.26791990375017,0,0,1.002,3.12,0,1.401934377922162,1,3.4501,0,0,1.22947,0,0,0,0.28,6.04167,8.195117,35.5662,46.9208,196.949,2,0.00,0.12,0.00,1.77,3.12,0
0.372662917099257,0,0,1.852,4.94,0,2.545411558078575,1,11.324,0,14.7409,0,0,0,0,0.28,6.04167,8.224342,37.3579,47.9163,215.108,2,0.00,0.00,0.00,4.32,4.94,0
0.0853610414090623,0,0,36.12,54.07,14.39,17.00736899111676,1,29.018,0.947721,20.4344,0,4.44381,0,1,0.27,9.67787,7.640676,34.7514,43.0714,291.13,1,14.39,54.07,52.73,28.22,31.19,49.119
1.94556986056463,49.119,0,4.304,8.65,1.37,3.35578306807815,1,0,0,0,0.947721,2.18009,0,0,0.26,9.67787,7.726487,34.4608,42.466,280.343,1,1.37,7.07,1.45,2.98,8.65,0
1.40748871547479,0,49.119,1.032,2.66,0.04,1.07255302899204,1,6.74129,0,0,0,0,0,1,0.28,6.04167,7.888758,33.8776,43.8356,292.151,2,0.83,0.17,0.04,1.46,2.66,0
0,0,0,1.082,3.35,0,1.54689042921598,1,0,0,0,0,0,0,0,0.28,6.04167,8.094098,35.9263,46.0537,236.747,2,0.00,0.01,0.00,3.35,2.05,0.0632072
0,0.0632072,0,1.556,4.25,0,2.145793559501938,1,0,0,0,0,0,0,0,0.28,6.04167,7.826569,36.7908,44.8456,273.641,2,0.00,0.00,0.00,3.53,4.25,0
1.93089901241398,0,0.0632072,5.200000000000001,9.460000000000001,0.76,3.506821923052267,1,0.63661,0,82.1721,0,0,0,0,0.29,6.04167,7.814060,35.5893,44.749,290.075,2,0.76,2.52,9.46,6.80,6.46,1.36272
3.26839889074908,1.36272,0,11.514,15.66,4.94,4.378245082221871,1,1.98834,0,18.0008,0,1.57188,0,0,0.27,6.04167,7.690858,34.6735,44.2889,206.157,2,4.94,15.66,14.25,9.27,13.45,6.66455
9.20403336468339,6.66455,1.36272,19.062,35.93,4.42,11.22349856328231,1,0.129333,0,0.144012,0,0.0326693,0,1,0.27,7.1609,8.025607,36.2674,43.9953,209.385,3,19.70,17.16,35.93,4.42,18.10,21.25
1.77330214000895,21.25,6.66455,5.664,15.83,1.3,6.051502292819528,1,18.9249,0,0.0496815,0,2.85341,0,1,0.26,9.67787,8.617433,31.9088,39.3923,219.787,1,2.07,2.47,6.65,1.30,15.83,8.74385
1.04742425868874,8.74385,21.25,5.982000000000001,15.39,0,5.666164487552405,1,0,0,0.00694665,0,5.69266,0,1,0.26,1.83923,8.843188,34.7807,40.5762,217.779,4,4.48,5.12,4.92,0.00,15.39,0
0,0,8.74385,11.02,22.65,0.89,10.85284064197019,1,0.208335,0,0,0,0.252774,0,1,0.26,9.67787,8.846007,36.069,43.2368,344.034,1,22.65,1.40,0.89,7.74,22.42,0
3.03673967283924,0.0330377,0,13.912,26.2,4.06,8.63782785195445,1,4.72653,3.80819,10.258,0,0,0,0,0.27,7.1609,3.889677,36.4128,47.2309,239.746,3,26.20,8.17,18.01,4.06,13.12,1.96802
3.06716267242434,1.96802,0.0330377,16.346,29.14,6.84,8.082470538146119,1,33.2231,0.633028,0,3.80819,17.8497,0.0443226,0,0.28,7.1609,4.084609,36.1537,45.5954,185.818,3,16.49,6.84,29.14,13.81,15.45,0
2.46570776598362,0,1.96802,14.204,19.23,7.23,4.907532985115841,1,3.88933,13.0185,0,0.633028,0,1.33532,0,0.28,7.1609,4.181352,33.9903,43.9699,215.67,3,7.23,19.23,16.28,11.13,17.15,7.66644
0,7.66644,0,0.8400000000000001,1.39,0.41,0.3516390194503448,0,0.311246,0,0.394946,13.0185,0,0,1,0.26,1.83923,4.371904,13.0834,40.561,137.117,4,0.84,0.41,0.78,1.39,0.78,0.0969718
0.0296364074302817,0.0969718,7.66644,0.026,0.06,0,0.02792848008753789,0,0,0,6.76879,0,0,3.99674,0,0.27,1.83923,4.801871,0.852873,39.1797,77.6521,4,0.05,0.02,0.06,0.00,0.00,0.0546991
0,0.0546991,0.0969718,0.008,0.04,0,0.01788854381999832,0,0,0.731654,0,0,0,0,0,0.27,1.83923,4.772923,12.2658,41.5603,187.576,4,0.00,0.00,0.00,0.00,0.04,0
0.0195090293855705,0,0.0546991,0.6160000000000001,1.08,0.01,0.463281771711342,0,0.0261146,0,1.30663e-08,0.731654,0,1.13375,0,0.26,1.83923,4.982752,22.4621,45.0774,235.232,4,0.24,0.86,0.01,1.08,0.89,0
0.0806137412257248,0,0,14.22,39.9,3.12,15.1468131961809,1,27.5524,0,0,0,0,1.37334,1,0.26,7.1609,4.481988,34.384,45.2485,243.659,3,39.90,14.89,3.12,3.57,9.62,0
0.00786436630458069,0,0,9.071999999999999,16.05,2.02,6.324434362059583,1,19.7276,0,32.1413,0,0,0,0,0.26,7.1609,4.927807,37.2314,45.5353,199.874,3,16.05,15.29,2.02,4.58,7.42,0
0,0,0,1.666,5.86,0.05,2.474950504555596,1,0,0,0.348115,0,5.96031,0.607193,0,0.26,7.1609,4.573562,31.2618,47.586,166.036,3,0.32,0.05,0.12,1.98,5.86,0
0,0,0,3.638,8.720000000000001,0.36,3.175739284009316,1,0,0.296663,0,0,0,1.89624,0,0.27,7.1609,4.339500,33.4985,48.1456,315.871,3,8.72,0.36,3.97,1.74,3.40,9.58888
0,9.58888,0,0.652,1.62,0.12,0.576948871218239,0,0,0,23.8049,0.296663,0,0,1,0.26,1.83923,4.286920,18.4979,34.6314,122.26,4,0.57,0.33,0.62,1.62,0.12,0.0104165
0,0.0104165,9.58888,0.172,0.35,0,0.1636154026979123,0,0,0.323088,4.92263e-11,0,0.235301,0,0,0.28,1.83923,3.843701,18.9038,39.0954,104.19,4,0.29,0.22,0.35,0.00,0.00,0
0,0,0.0104165,0.5599999999999999,1.4,0,0.7622663576467217,0,0,9.39983,1.31059e-08,0.323088,0,1.16019,0,0.27,1.83923,3.628018,14.7868,39.8144,90.8403,4,0.00,0.00,0.01,1.40,1.39,0
0.0500183831244137,0,0,7.542,14.82,2.19,4.758047919052519,1,0.000632518,3.43598,0,9.39983,0,5.20211,1,0.26,7.1609,3.759851,29.3462,45.0711,181.251,3,4.66,14.82,8.32,2.19,7.72,0.0718472
0,0,15.0786,0.016,0.06,0,0.02607680962081059,0,0,10.0876,3.90805e-08,12.0507,0.00184266,0.134544,1,0.26,1.83923,3.159753,14.107,36.5325,70.1454,4,0.02,0.00,0.00,0.00,0.06,0
0,0,0,0.05,0.23,0,0.1007472083980494,0,0,3.1176,5.01078e-11,10.0876,0,0.676787,0,0.27,1.83923,3.143914,28.9873,48.1345,122.422,4,0.01,0.00,0.00,0.23,0.01,0
0,0,0,0.392,1.65,0,0.7159399416152168,0,0,13.3786,0,3.1176,0,0,0,0.28,1.83923,2.773228,30.4042,45.3215,148.704,4,0.00,0.00,0.00,1.65,0.31,0
0.0438436359428407,0,0,8.752000000000001,19.24,1.38,6.651929795179742,1,0,0,1.52493e-08,13.3786,0,0,1,0.26,7.1609,2.748627,37.3998,49.5792,281.119,3,10.03,1.38,19.24,7.38,5.73,0
6.39542430189621,0,0,43.73999999999999,73.61,23.04,21.13575761594554,1,2.80947,2.0196,0,0,0,0,0,0.27,7.1609,2.672051,36.0756,45.5123,245.745,3,55.07,41.48,73.61,25.50,23.04,9.28978
0,9.28978,0,0.4359999999999999,2.01,0,0.8825134559880659,0,0,0.934499,3.3693,2.0196,5.55882,1.41007,1,0.26,9.67787,3.046002,30.4568,42.2941,250.95,1,0.00,0.01,0.00,2.01,0.16,2.9382
0,2.9382,9.28978,1.326,3.38,0,1.81628191644359,1,0,0,0,0.934499,5.35941,0,1,0.27,1.83923,3.207787,31.6622,44.2806,190.934,4,0.00,0.00,0.00,3.25,3.38,0
0,0,2.9382,2.69,5.74,0,2.878819202381421,1,0,0,0,0,0,0,1,0.26,6.04167,3.415085,37.3911,48.8194,286.591,2,0.00,0.00,5.74,5.68,2.03,0.082725
2.78501148369818,0.082725,0,20.54,33.91,8.779999999999999,10.51797271340823,1,0,0,1.30666e-08,0,0,0.157418,1,0.28,7.1609,3.506013,33.8149,47.9481,192.824,3,33.91,22.40,26.42,8.78,11.19,14.514
0.107870046874872,14.514,0.082725,3.026,4.34,1.19,1.318893475607488,1,13.7031,0,5.28312,0,0,0,0,0.28,7.1609,3.855860,31.15,41.3127,200.905,3,3.24,2.24,4.12,1.19,4.34,0.435421
0.0575705521083462,0.435421,14.514,2.858,4.72,1.35,1.309912210798876,1,0,0,7.98711e-07,0,0,0,0,0.26,7.1609,4.167224,31.0564,42.9242,192.275,3,2.73,2.01,4.72,1.35,3.48,0
0.0489817771217476,0,0.435421,5.287999999999999,7.77,2.38,2.310815873236117,1,0,0.19503,0,0,0,1.64711,1,0.28,1.83923,4.387004,32.8305,46.4682,194.531,4,2.38,6.02,3.38,7.77,6.89,0.377345
0.133245148944721,0.377345,0,6.818000000000001,12.81,0.1,4.760280453922857,1,0,0,1.74222e-08,0.19503,0,0,0,0.28,1.83923,4.492113,29.7478,45.267,195.162,4,0.10,4.63,8.81,7.74,12.81,0
0,0,0.377345,4.523999999999999,8.369999999999999,0.73,3.017329945498171,1,0,15.1937,0,0,0,0,0,0.27,1.83923,4.447330,29.9224,45.9763,163.392,4,8.37,4.00,0.73,2.91,6.61,0
1.37636475102109,0,0,13.708,30.39,4.44,9.800896387575985,1,0,6.05376,0,15.1937,0,0,0,0.26,1.83923,4.442357,34.9803,47.045,277.196,4,10.18,30.39,11.92,4.44,11.61,12.6949
1.80904263808702,12.6949,0,9.384,16.46,1.89,5.574753806223195,1,0.00778713,5.27586,0,6.05376,0,7.25524,0,0.26,1.83923,4.504223,35.2984,46.2853,211.165,4,16.46,8.47,1.89,7.19,12.91,14.2126
0,14.2126,12.6949,0.7939999999999999,2.73,0,1.195629541287769,0,0,3.54855,0,5.27586,1.7721,27.4449,1,0.26,9.67787,4.539420,30.7926,45.3835,175.485,1,0.03,0.00,0.02,2.73,1.19,6.49117
0,6.49117,14.2126,0.3119999999999999,1.13,0,0.4937306958251633,0,0,0,0.895628,3.54855,0.296124,0,1,0.26,1.83923,5.205030,18.57,42.5119,116.516,4,0.00,0.00,0.00,1.13,0.43,0
0,0,6.49117,0.7060000000000001,1.92,0,0.9729234296695707,0,0,1.43993,0,0,3.17121,1.81698,1,0.26,7.1609,5.660153,20.5421,41.5827,125.127,3,0.00,0.00,0.00,1.92,1.61,0
0.0377568139284715,0,0,27.824,60.33,2.37,26.76158216548491,1,14.7742,4.13127,46.3211,1.43993,0,0,0,0.26,7.1609,5.875955,35.4458,45.7533,158.769,3,52.41,60.33,17.26,2.37,6.75,0
0.899152319027746,0,0,14.62,20.72,5.96,5.499968181726145,1,0,3.19845,2.99741,4.13127,38.1378,0,0,0.26,7.1609,5.738710,36.3307,44.8988,330.881,3,17.57,14.34,20.72,5.96,14.51,0.041263
0.986652071837482,0.041263,0,7.331999999999999,10.88,5.21,2.171340599721748,1,5.76155,1.54698,6.6362,3.19845,0,0,0,0.26,7.1609,6.017794,35.2222,43.5452,209.551,3,5.21,10.88,6.73,7.65,6.19,11.8394
0.489255330641788,11.8394,0.041263,2.892,5.81,0.71,2.051443394295831,1,0,0,2.49733,1.54698,0,0,0,0.26,7.1609,6.304068,32.3428,43.1619,195.339,3,0.71,1.21,2.99,3.74,5.81,0.209595
0.731703184592409,0.209595,11.8394,5.134,6.94,1.91,1.911290140193268,1,0,2.88184,0,0,0.234047,6.44636,1,0.26,9.67787,6.293451,178.713,183.779,2915.42,1,5.26,5.55,1.91,6.94,6.01,0
1.45167327570081,0,0.209595,1.712,3.59,0.15,1.506807884237403,1,0,0,5.13351,2.88184,1.0699,24.5256,0,0.26,9.67787,6.267559,36.3498,48.011,227.627,1,0.88,0.90,0.15,3.59,3.04,16.1415
0,16.1415,0,0.5940000000000001,2.06,0.14,0.823698974140432,0,0,2.10427,0,0,0,16.0498,0,0.26,9.67787,6.711338,30.0178,45.7995,166.217,1,0.14,0.23,0.18,2.06,0.36,0
0,0,16.1415,0.732,2.41,0,1.08299122803465,0,0,14.3236,0,2.10427,0,32.5815,1,0.26,1.83923,6.717068,19.7969,44.5602,105.182,4,0.00,0.00,0.00,2.41,1.25,0
0.0177729268803633,0,0,1.548,4.52,0,2.065507201633535,1,0,2.5048,1.95497e-08,14.3236,0,0,1,0.27,7.1609,6.523041,34.3341,46.4784,276.028,3,0.00,0.00,0.30,2.92,4.52,0.000771379
0.292319017476784,0.000771379,0,24.516,42.12,3.62,16.22091335282943,1,0.0847584,0,0.279453,2.5048,0,9.42181,0,0.28,7.1609,6.125541,37.487,46.3934,272.881,3,22.55,39.15,42.12,3.62,15.14,5.31802
4.01689923949927,5.31802,0.000771379,17.684,28.65,10.19,9.158164663293622,1,7.13631,8.32865,0.310842,0,31.1376,0,0,0.27,7.1609,6.211776,35.2549,45.654,227.403,3,26.63,12.46,10.49,10.19,28.65,17.6296
0.140080624582744,17.6296,5.31802,12.006,21.1,3.38,6.991564917813466,1,0.00306919,0.927529,0.0163894,8.32865,0.235928,10.1253,1,0.26,9.67787,6.329001,38.4074,46.6585,322.014,1,21.10,16.76,8.35,3.38,10.44,0
3.27935413130971,0,17.6296,17.494,28.07,6.63,9.625574268582628,1,0,0,0,0.927529,0,3.09153,1,0.27,6.04167,6.615912,37.4016,45.4353,250.652,2,28.07,20.27,24.31,8.19,6.63,8.65226
2.49718064973792,8.65226,0,20.944,30.64,7.73,9.946304841497671,1,112.815,0,0,0,0,4.41634,1,0.26,7.1609,6.494805,36.7375,44.4171,214.028,3,21.31,30.33,30.64,7.73,14.71,3.34602
0.6285706734483,3.34602,8.65226,10.77,18.22,5.41,4.812701943814929,1,13.302,36.8811,52.2859,0,0,4.13696,0,0.26,7.1609,6.372158,37.535,46.5611,243.377,3,10.68,18.22,11.56,5.41,7.98,0.0391141
1.17264737351977,0.0391141,3.34602,12.89,23.21,4.66,6.938234645787068,1,79.8549,23.146,1.26413,36.8811,0,15.0575,0,0.26,7.1609,6.651890,32.0333,41.7315,206.58,3,23.21,15.18,9.38,4.66,12.02,38.4796
0.548032315363872,38.4796,0.0391141,3.566,4.86,2.15,1.24568455075914,1,7.74199,15.3989,5.14165,23.146,0,19.5491,1,0.26,1.83923,6.610045,33.6916,42.4519,196.215,4,4.86,4.24,2.15,2.31,4.27,0.480899
0.595699692364461,0.480899,38.4796,4.981999999999999,11.96,0,4.75864161289753,1,0,0,0,15.3989,0,0,1,0.26,6.04167,6.402768,35.1892,44.8168,235.593,2,0.00,2.25,3.19,11.96,7.51,0.271329
0.192814712794138,0.271329,0.480899,1.918,5.09,0.06,1.954461562681651,1,46.956,24.0742,0,0,0.348727,6.93522,1,0.26,7.1609,7.005665,36.0709,44.7876,253.492,3,1.80,0.06,0.60,5.09,2.04,5.43428
0,5.43428,0.271329,0.026,0.09,0,0.03974921382870358,0,2.52325e-05,12.2578,0,24.0742,0,14.9544,1,0.27,1.83923,8.030622,23.6378,43.4543,187.337,4,0.04,0.00,0.00,0.00,0.09,0
0,0,5.43428,0.958,2.69,0,1.31267665477832,0,0,0,0,12.2578,0.907526,9.88475,0,0.26,1.83923,7.899427,35.1545,47.2114,238.278,4,0.04,0.00,0.00,2.06,2.69,0
1.41858271110913,0,0,6.375999999999999,14.52,0,5.360063432460478,1,8.7861,2.14683,0.844604,0,0,13.6128,1,0.26,6.04167,8.377883,38.2974,46.0455,340.528,2,14.52,0.00,3.84,5.98,7.54,22.0422
7.00877268505336,22.0422,0,19.03,29.31,13.35,6.602662341813338,1,2.02517,8.30482,43.0919,2.14683,0,0,1,0.27,7.1609,8.253767,36.4439,46.4609,318.358,3,21.81,13.35,29.31,16.20,14.48,18.3392
7.00063673292697,18.3392,22.0422,12.09,31.13,5.31,10.78536972013477,1,50.7689,0,26.5564,8.30482,0,11.773,1,0.27,9.67787,7.903513,37.6733,43.8306,242.312,1,6.01,8.39,9.61,5.31,31.13,41.2374
16.2453950437631,41.2374,18.3392,16.826,30.76,5.13,12.70315433268446,1,0.587457,1.29256,0.245283,0,0,0,0,0.27,9.67787,8.058326,165.011,165.74,2593.14,1,5.17,13.34,5.13,30.76,29.73,22.5377
8.77596648293182,22.5377,41.2374,23.44,34.02,14.29,8.407565045838185,1,0,3.51321,1.09135e-08,1.29256,0,0,0,0.27,9.67787,8.237429,36.6431,42.0998,275.358,1,14.29,27.89,34.02,15.50,25.50,4.90009
20.476595727598,4.90009,22.5377,17.074,54.27,1.71,21.25908817423739,1,0,24.3863,0,3.51321,0,1.64277,0,0.26,9.67787,8.164481,34.4816,44.752,231.09,1,12.18,11.83,1.71,54.27,5.38,28.6009
4.96960093237248,28.6009,4.90009,8.15,15.86,1.84,5.032941485850992,1,0,0,0,24.3863,0,8.3702,1,0.28,6.04167,8.903107,37.4039,45.2672,206.045,2,7.00,8.62,1.84,15.86,7.43,0.0591206
3.70945870332569,0.0591206,28.6009,9.638,19.24,0.12,8.087411205076689,1,0,0,0,0,0,6.41688,0,0.28,6.04167,8.946066,35.561,44.8966,180.26,2,19.24,0.12,16.74,7.18,4.91,4.08503
3.15188715896902,4.08503,0.0591206,2.822,7.24,0.55,2.668739402789265,1,0,0,0,0,0,0,0,0.27,6.04167,8.940702,35.6745,44.8959,242.497,2,2.35,0.55,0.94,7.24,3.03,1.81897
4.17027871352517,1.81897,4.08503,4.786,7.61,0.02,3.195360699514219,1,0,0,0,0,0,0,1,0.26,9.67787,8.045899,36.7378,46.8703,169.409,1,0.02,6.57,3.00,6.73,7.61,7.24185
9.11516973768877,7.24185,1.81897,12.258,22.27,8.1,5.761759279942195,1,10.6452,2.89985,0,0,0.0125594,0,0,0.26,9.67787,8.057447,37.0885,46.1819,208.483,1,8.73,11.33,22.27,8.10,10.86,8.17663
8.83695438737119,8.17663,7.24185,9.138,12.11,5.02,2.685082866505241,1,16.9509,15.8448,20.0502,2.89985,0,0,0,0.26,9.67787,7.121643,36.9231,44.3435,202.875,1,5.02,8.31,12.11,9.67,10.58,13.6726
3.38415201957722,13.6726,8.17663,3.36,5.14,1.49,1.3400559689804,1,0.700044,11.4053,14.5922,15.8448,0,1.39375,1,0.26,6.04167,6.815033,36.0823,44.3317,289.285,2,1.49,3.84,3.49,5.14,2.84,6.22648
2.39599901920898,6.22648,13.6726,1.77,3.77,0.79,1.338263800601361,1,12.6616,0,0.0257502,11.4053,0,1.54628,0,0.26,6.04167,6.735656,33.1336,44.1876,257.065,2,3.77,0.94,0.81,0.79,2.54,0.0675162
0,0.0675162,6.22648,7.392,15.01,4.16,4.498674249153855,1,2.0083,20.5456,3.53006,0,0,13.5932,1,0.26,9.67787,6.680783,38.3054,45.7279,215.11,1,15.01,4.92,4.16,4.93,7.94,0.00243928
0,0.00243928,0.0675162,3.506,7.41,0.96,2.69633640334436,1,0,8.28048,2.03494,20.5456,48.9671,1.44225,0,0.27,9.67787,6.383714,36.4231,43.3206,205.033,1,0.96,1.31,2.88,7.41,4.97,40.793
0,40.793,0.00243928,0.362,0.73,0,0.2630969403090807,0,0,5.41757,0,8.28048,0,0,0,0.27,9.67787,6.830793,32.5726,41.4963,182.788,1,0.28,0.73,0.38,0.00,0.42,0.220409
0,0.220409,40.793,0.618,1.6,0.07000000000000001,0.6315615567781181,0,0,0,0,5.41757,0,0,0,0.27,9.67787,7.342824,23.8841,39.0407,155.479,1,0.07,0.88,0.37,1.60,0.17,0
0,0,0.220409,0.6060000000000001,1.5,0,0.555409758646713,0,0,0,0,0,0,0,0,0.27,9.67787,8.396930,24.776,39.4222,176.104,1,0.66,1.50,0.49,0.00,0.38,0
4.15569250451224e-11,0,0,1.264,2.24,0,0.9192007397734185,1,0.396041,0,6.50958e-09,0,1.3033,1.28666,0,0.27,9.67787,8.229758,32.7022,42.6788,207.122,1,2.24,0.96,2.09,0.00,1.03,0
25.6075969085712,43.6111,22.3119,33.086,44.95,12.75,12.67520926848942,1,8.61742e-07,0,0,0,0.149663,0.00221034,0,0.26,9.67787,9.161837,37.5852,43.6506,273.382,1,44.95,41.58,30.23,35.92,12.75,27.6063
14.0066142523258,27.6063,43.6111,16.446,25.88,7.48,7.392204001514027,1,8.61446,0,1.12673,0,0.251204,0,1,0.27,6.04167,9.292023,37.7215,46.4898,259.625,2,11.29,16.38,25.88,21.20,7.48,6.55012
12.8921539186358,6.55012,27.6063,17.44,22.83,8.210000000000001,5.980861142009568,1,0,0,0,0,0,0,0,0.27,6.04167,9.295825,37.6511,45.6131,253.898,2,22.83,17.11,22.69,16.36,8.21,17.0628
7.90692173424488,17.0628,6.55012,17.708,23.89,9.74,6.548562437665232,1,2.06487e-08,2.78905,5.33257,0,0,0.398067,0,0.27,6.04167,9.583511,37.9535,45.1977,240.412,2,21.96,21.41,9.74,23.89,11.54,1.74372
11.4913324969695,1.74372,17.0628,17.698,31.64,10.6,8.153724302427696,1,0,4.94863,4.09871,2.78905,7.50624,1.20473,0,0.28,6.04167,9.400131,38.4469,44.535,346.973,2,17.30,14.82,31.64,10.60,14.13,5.82401
5.57775502047595,5.82401,1.74372,9.228,12.26,5.73,2.380161759208815,1,0,0,6.65248,4.94863,0,27.73,0,0.28,6.04167,8.456931,36.2737,43.0722,241.787,2,10.02,9.59,12.26,8.54,5.73,25.5692
13.3652853482906,25.5692,5.82401,21.83,27.1,16.07,4.728609732257464,1,0.0510511,0,44.0441,0,0.00884497,14.4447,0,0.27,6.04167,8.519922,37.5269,44.7887,263.119,2,25.66,27.10,22.19,16.07,18.13,0
27.5373348305902,0,25.5692,23.348,54.19,9.5,17.74196776008794,1,0,0,20.3304,0,0.0052755,0,1,0.27,9.67787,8.481747,38.5461,46.3164,350.791,1,54.19,9.50,20.81,17.73,14.51,75.962
5.12847374459754,75.962,0,7.438000000000001,10.46,1.29,3.717427874216257,1,0,0,42.6171,0,0,0.973622,0,0.27,9.67787,8.265777,37.8413,45.789,321.766,1,6.87,1.29,10.46,8.51,10.06,38.8509
15.9338699408866,38.8509,75.962,19.84,37.95,10.82,10.84578950561,1,6.36385e-06,0,0,0,0,0.913607,0,0.28,9.67787,8.271855,37.4528,45.4706,256.046,1,37.95,16.67,10.82,20.98,12.78,10.9128
0.813217280684603,10.9128,38.8509,2.954,5.31,1.88,1.469653020273833,1,0,0,0,0,0,0.22967,0,0.28,9.67787,7.999509,36.5428,43.5976,358.564,1,1.88,1.94,3.48,2.16,5.31,2.1248
4.62582129520536,2.1248,10.9128,1.424,2.7,0.8,0.7591640138994999,1,0,0,0,0,0,1.33133,0,0.27,9.67787,7.664468,36.344,43.6596,214.724,1,1.31,1.41,2.70,0.90,0.80,25.5617
0,25.5617,2.1248,1.32,4.89,0.07000000000000001,2.015738078223458,1,0,0,0,0,0,0,0,0.27,9.67787,7.950925,35.697,43.4551,338.753,1,0.27,0.55,0.07,0.82,4.89,0
13.2432255251765,0,25.5617,21.592,38.34,6.6,12.44225341326884,1,0.0109252,0,0,0,0.0376193,0,1,0.27,6.04167,7.816912,37.8894,44.7523,265.144,2,27.65,38.34,22.52,12.85,6.60,2.02158
8.54625078386635,2.02158,0,27.936,42.11,6.93,16.1417403027059,1,0.00144672,0,0,0,0.2014,0,0,0.27,6.04167,7.278271,37.9242,43.9143,234.584,2,42.11,40.29,35.95,6.93,14.40,5.47255
8.09049225468725,5.47255,2.02158,17.944,38.99,8.67,12.17225656975731,1,16.0276,0,4.57911,0,0,0,0,0.26,6.04167,7.734738,35.6055,44.2005,220.464,2,14.90,16.44,38.99,10.72,8.67,9.23544
7.55114727985305,9.23544,5.47255,22.094,40.57,6.16,15.39521776396814,1,4.73693,0,0.63526,0,0,0,0,0.27,6.04167,7.571043,36.3255,45.0361,226.194,2,40.57,19.41,35.31,9.02,6.16,4.60673
8.30850201272652,4.60673,9.23544,6.496,11.96,1.9,3.76590361002509,1,0,0,0,0,0,0,0,0.26,6.04167,7.589760,36.7027,45.4511,210.218,2,11.96,6.09,1.90,4.61,7.92,4.05234
0,4.05234,4.60673,0.736,2.12,0,0.9172949362119035,0,0,0,17.9475,0,0,0,1,0.26,9.67787,8.500377,33.2056,45.9293,214.784,1,0.00,0.01,0.34,1.21,2.12,0
3.18443285400618,0,4.05234,2.758,4.77,0.26,2.031691413576382,1,8.00211,0,0,0,3.13562,0,0,0.26,9.67787,9.030720,36.612,47.2985,246.234,1,1.08,0.26,4.77,3.11,4.57,1.06814
6.64677739380519,1.06814,0,2.116,3.91,0.2,1.598774530695307,1,0,0,0,0,0.0263565,0,1,0.26,6.04167,9.474093,35.9391,47.781,322.712,2,0.20,0.85,3.43,3.91,2.19,69.4104
2.19264308037783,69.4104,1.06814,2.212,5.37,0.89,1.831944322298033,1,5.77779,0,0,0,0,0,0,0.26,6.04167,9.697660,35.9221,46.4261,311.389,2,5.37,0.89,1.95,0.98,1.87,0.000192722
4.36448560269486,0.000192722,69.4104,2.336,6.64,0,2.538794989753998,1,6.85469,0,0.852831,0,0,0,0,0.27,6.04167,9.674077,34.784,45.3474,324.459,2,6.64,1.10,0.00,1.92,2.02,31.4478
1.78269479753006,31.4478,0.000192722,3.834000000000001,7.51,0.02,3.170406913946536,1,0,0,0,0,0,6.80606,0,0.28,6.04167,9.537662,34.2937,46.7932,280.581,2,0.02,6.48,7.51,1.58,3.58,1.21773
0,1.21773,31.4478,3.046,7.41,0,3.203705666880152,1,0,0,0,0,1.22752,0,0,0.29,6.04167,9.246503,36.0654,48.2293,202.978,2,0.13,0.00,2.63,7.41,5.06,0
2.22758250120658,0,1.21773,3.492,9.49,0,3.994986858551602,1,0.910207,0,0,0,0,0,0,0.28,6.04167,9.430409,36.2751,46.824,268.56,2,1.85,0.55,0.00,9.49,5.57,0.841703
2.27526034554779,0.841703,0,13.9,24.47,5.39,8.369749100182155,1,46.5256,0,0,0,32.765,1.99232,1,0.27,9.67787,9.338538,38.2835,46.8564,202.154,1,24.47,5.39,21.07,10.30,8.27,0.489313
1.25668489009408,0.489313,0.841703,12.53,23.88,2.73,7.944693197348781,1,21.37,1.95241,81.9855,0,0,0,0,0.27,9.67787,9.839607,34.8532,46.8312,211.393,1,23.88,13.96,14.29,2.73,7.79,0
1.29726989156321,0,0.489313,7.586000000000001,11.51,4.84,2.765633742924034,1,1.42508,0,0,1.95241,1.66191,0,1,0.28,6.04167,9.464148,34.4248,44.0592,170.032,2,8.57,7.98,11.51,4.84,5.03,0.732856
0.453203854676535,0.732856,0,14.532,22.46,7.14,7.12458560198416,1,0.569512,0,0,0,0,0,0,0.26,6.04167,8.357309,37.8807,45.3073,242.087,2,21.90,7.14,22.46,10.68,10.48,0
0.49843646794973,0,0.732856,11.304,24.33,3.76,9.102899538059287,1,28.9435,0,86.2851,0,0,0,0,0.26,6.04167,8.397877,34.1213,43.9762,302.147,2,17.33,24.33,3.76,6.63,4.47,8.55437
1.64882273743995,8.55437,0,1.562,4.25,0,1.91034551848612,1,0,0,8.3034,0,8.34193,0.0460513,0,0.28,6.04167,8.176646,36.2706,47.4379,296.75,2,0.28,0.00,0.36,4.25,2.92,5.08328
0.759335295824398,5.08328,8.55437,2.322,5.68,0,2.547296606208236,1,16.2648,2.11167,0,0,0,0,0,0.29,6.04167,7.916003,32.6485,47.443,196.64,2,1.32,0.27,0.00,5.68,4.34,0.119954
0.0320480959921843,0.119954,5.08328,3.16,11.59,0,5.052825941985336,1,11.1728,0,0,2.11167,0,0,0,0.29,6.04167,8.546707,35.3517,47.0146,234.994,2,0.00,0.00,0.00,11.59,4.21,0.0038789
1.94101835107185e-11,0.0038789,0.119954,2.028,6.13,0,2.876329257925803,1,13.9019,0,1.19598,0,0,1.16373,0,0.27,6.04167,8.977114,36.5505,47.5066,198.009,2,0.00,0.00,0.00,6.13,4.01,0
0.248203869783942,0,0.0038789,2.082,5.29,0,2.676503315895574,1,30.4902,0,0.29538,0,0,0,0,0.28,6.04167,9.126106,35.3097,45.8641,219.942,2,0.01,0.40,0.00,4.71,5.29,5.47707
0.0757317899216035,5.47707,0,2.258,7.92,0,3.485343598556676,1,11.6205,0,0.0344314,0,0,0,0,0.27,6.04167,9.523878,33.524,44.6639,193.231,2,0.00,0.00,0.00,3.37,7.92,0
0.0603704881836477,0,5.47707,4.092000000000001,11.05,0.01,4.987686838605648,1,48.7418,0,78.0949,0,0,0,0,0.27,6.04167,8.964249,34.2989,44.2284,199.919,2,1.75,0.03,0.01,11.05,7.62,0
0,0,0,2.222,7.57,0,3.359690461932468,1,0,0,0.00659708,0,0.804177,0,0,0.26,6.04167,9.202844,37.9631,46.1581,216.961,2,0.00,0.00,0.00,7.57,3.54,0
0,0,0,3.492,9.859999999999999,0,3.796435169998297,1,3.74077e-07,2.03666,0.00246001,0,0,0,0,0.27,6.04167,8.840341,36.6616,47.8373,211.028,2,0.00,3.66,1.62,9.86,2.32,0
0.189954332367587,0,0,2.124,5.84,0,2.78113825618217,1,0.852597,0,0,2.03666,0,0.132738,0,0.27,6.04167,9.293322,36.2942,46.8949,206.747,2,0.34,0.05,0.00,4.39,5.84,0.581656
0.529678633795447,0,0.581656,10.958,22.13,4.98,7.048118188566364,1,0,0,0,0,0.451877,0.0296473,1,0.27,9.67787,8.195117,39.6869,47.3777,330.893,1,5.27,4.98,22.13,9.52,12.89,10.9601
1.03255138922061,10.9601,0,11.408,29,4.23,10.37908811023396,1,5.28297,0,0,0,0,0.377882,0,0.27,9.67787,8.224342,37.0833,47.7856,206.716,1,4.56,29.00,6.74,4.23,12.51,5.65515
3.05203423530498,5.65515,10.9601,9.363999999999999,20.98,1.86,7.73925900845811,1,4.27771e-07,8.28458,0,0,0,0,0,0.27,9.67787,7.788656,34.5784,45.8218,195.965,1,3.61,20.98,12.82,1.86,7.55,46.7818
10.0302628365472,46.7818,5.65515,5.552,12.6,1.91,4.502973462058154,1,3.80245e-07,0,0,8.28458,0,2.85566,1,0.27,6.04167,7.640676,36.9684,48.3412,197.576,2,3.40,7.45,12.60,2.40,1.91,13.0587
0.767911060505243,13.0587,46.7818,1.654,4.8,0.04,1.869620282303334,1,2.05966e-07,0,0,0,0,0.933638,0,0.27,6.04167,7.726487,32.3137,47.098,193.381,2,0.54,4.80,0.04,1.17,1.72,0.949932
0.00175290849104893,0.949932,13.0587,1.02,3.07,0,1.43385843094777,1,0.0949848,0,13.7125,0,0,7.06093,0,0.27,6.04167,7.888758,33.7231,44.3694,170.63,2,0.03,0.00,0.00,3.07,2.00,0
0.824978427394717,0,0.949932,1.98,5.35,0,2.460071137182825,1,31.5529,0,23.6121,0,11.3642,0,0,0.26,6.04167,8.094098,35.372,46.5347,175.09,2,0.00,0.72,0.00,5.35,3.83,39.1396
4.60821724647001,39.1396,0,6.084000000000001,8.890000000000001,1.73,2.979744955528913,1,5.60867,0,0.0326162,0,0,0.0573025,1,0.26,9.67787,7.826569,35.7885,46.6117,194.026,1,1.73,5.25,8.88,8.89,5.67,31.7781
6.82956957280772,31.7781,39.1396,14.388,27.68,4.71,10.42359199124755,1,2.11088,12.9146,18.3031,0,0.411398,1.61357,0,0.27,9.67787,7.814060,36.341,45.7485,211.965,1,5.12,27.68,22.80,4.71,11.63,1.33117
4.24736347206624,1.33117,31.7781,5.414,8.06,3.8,1.865899247012014,1,0.911385,28.5693,0.482293,12.9146,0,9.08443,1,0.26,1.83923,7.690858,36.3019,44.5462,206.842,4,3.80,8.06,3.87,4.72,6.62,1.45435
5.82803569406485,1.45435,1.33117,3.472,7.2,0.27,2.519319352523614,1,11.7201,3.457,16.1899,28.5693,0,1.94004,0,0.26,1.83923,8.025607,37.357,45.6192,199.719,4,4.17,7.20,2.88,0.27,2.84,23.8823
3.13254343246221,23.8823,1.45435,4.73,6.97,2.39,2.031538825619633,1,14.3058,4.75037,0.155948,3.457,3.06714,16.0737,1,0.26,6.04167,8.617433,36.7317,45.6914,232.526,2,3.50,4.05,2.39,6.97,6.74,0.00258737
4.86378380674009,0.00258737,23.8823,10.746,18.46,5.78,4.789455083827387,1,2.01909,7.82472,0,4.75037,0.112182,5.48481,1,0.26,9.67787,8.843188,38.5877,45.8024,337.521,1,5.78,18.46,11.66,8.76,9.07,8.40522
9.04911888119121,8.40522,0.00258737,25.626,35.54,18.7,7.251677736910267,1,12.2816,0,0,7.82472,1.72284,0,0,0.27,9.67787,8.846007,37.0398,45.1565,288.979,1,21.61,35.54,31.01,18.70,21.27,71.0188
10.0571032467464,6.43606,45.6006,16.492,35.3,0.92,14.87529730795321,1,0,0,0,0,0,0,0,0.27,9.67787,7.278271,34.317,44.6548,184.359,1,35.30,28.61,0.92,5.34,12.29,12.3803
10.1742363216862,12.3803,6.43606,19.186,33.15,4.58,10.44128488261861,1,0,0,0,0,0,3.84877,0,0.26,9.67787,7.734738,35.9801,45.6123,194.205,1,33.15,17.63,23.67,4.58,16.90,19.68
7.81597825175508,19.68,12.3803,13.518,21.25,3.65,7.60015263004632,1,1.22838,0,0,0,0,0,0,0.26,9.67787,7.571043,36.878,46.7635,237.755,1,21.25,10.09,21.13,3.65,11.47,7.44036
5.24800145575643,7.44036,19.68,15.292,21.66,4.22,7.362809925565104,1,0.359397,0,0,0,0.439752,0.0749336,1,0.27,6.04167,7.589760,34.7344,46.142,252.873,2,20.98,18.03,21.66,4.22,11.57,0.100464
2.58304928971913,0.100464,7.44036,8.709999999999999,23.72,1.91,8.673024270691279,1,0,0,0,0,0.22933,0,0,0.28,6.04167,8.500377,37.5221,47.8467,213.168,2,6.12,1.91,23.72,4.05,7.75,4.03844
0.431509068027749,4.03844,0.100464,1.77,5.9,0,2.436821700494314,1,0.0357252,5.13948,0,0,0,0,0,0.28,6.04167,9.030720,36.2156,47.8325,198.569,2,0.58,0.00,0.33,2.04,5.90,0.463061
1.04735926247589,0.463061,4.03844,1.674,3.91,0,1.709043592188332,1,12.7468,1.01568,39.0151,5.13948,10.2979,0,0,0.29,6.04167,9.474093,35.5115,45.929,258.668,2,3.91,0.00,0.00,1.75,2.71,3.46462
0,3.46462,0.463061,2.05,7.55,0,3.254719649985233,1,1.7529,0.540061,0,1.01568,0,6.77283,0,0.28,6.04167,9.697660,37.1607,45.8549,211.549,2,0.00,0.00,0.18,2.52,7.55,0
11.3040417511052,0,3.46462,32.374,49.13,10.09,16.26254684851054,1,17.0198,1.0418,0.024639,0.540061,0,30.6733,1,0.27,7.1609,9.674077,37.8096,45.3674,337.171,3,45.16,49.13,35.48,10.09,22.01,10.7849
4.10692675746763,10.7849,0,15.682,22.04,8.93,5.828985331942429,1,0.0708152,0,0.0816945,1.0418,7.72741,28.1673,1,0.27,9.67787,9.537662,35.5053,43.3622,333.722,1,8.93,10.09,18.08,19.27,22.04,14.8558
7.27912393669266,14.8558,10.7849,13.796,20.31,6.53,6.405183838111127,1,3.17756e-08,0,0,0,0,7.53021,0,0.28,9.67787,9.246503,34.9574,42.6297,215.154,1,20.31,14.79,19.50,6.53,7.85,29.3355
0.46911153722129,29.3355,14.8558,2.696,4.25,0.97,1.447335482878797,1,0,0,0,0,0,1.62192,0,0.27,9.67787,9.430409,31.9559,41.4045,172.795,1,4.03,2.63,0.97,4.25,1.60,0
0.0201005417510178,0,29.3355,0.496,1.23,0.14,0.4581811868682519,0,0,0.700371,0,0,0,0,0,0.27,9.67787,9.338538,10.6838,34.522,101.433,1,0.21,0.66,0.24,1.23,0.14,0.0262615
0,0.0262615,0,1.41,5.36,0,2.255969857954667,1,0,0,0,0.700371,0,0,0,0.26,9.67787,9.839607,20.9123,38.7524,132.009,1,0.00,0.00,0.58,5.36,1.11,0
0,0,0.0262615,2.804,9.029999999999999,0,4.066660792345483,1,0,0,0,0,0,0.200529,1,0.27,6.04167,9.464148,31.2277,45.3415,219.193,2,0.00,0.00,0.10,4.89,9.03,0
1.73397191634069,0,0,3.664,5.51,2.01,1.627292229441289,1,7.30892e-05,0,45.7128,0,0,1.08471,0,0.28,6.04167,8.357309,33.1296,44.3216,211.746,2,3.29,2.01,2.29,5.22,5.51,8.91006
0,8.91006,0,0.5780000000000001,1.58,0,0.7619842518057706,0,0,0,62.552,0,55.5506,0,0,0.28,6.04167,8.397877,33.5332,44.2363,205.055,2,0.00,0.00,0.09,1.58,1.22,0.856634
0,0.856634,8.91006,0.14,0.43,0,0.1998749609130669,0,0,0,0.0164529,0,0,1.04108,0,0.28,6.04167,8.176646,32.9127,40.6681,197.144,2,0.00,0.00,0.00,0.27,0.43,0
0.181851075494889,0,0.856634,0.5720000000000001,1.1,0,0.5345278290229611,0,0,0,0,0,1.28042,0,0,0.28,6.04167,7.916003,34.7489,41.8525,271.845,2,1.10,0.00,0.00,0.78,0.98,0
0,0,0,0.716,2.15,0,1.012931389581743,0,0.000246374,3.79307,0.0738228,0,0,0,0,0.28,6.04167,8.546707,29.4353,38.5535,201.588,2,0.00,0.00,0.00,1.43,2.15,0
0,0,0,0.5900000000000001,1.5,0,0.8080841540334769,0,0,0,0,3.79307,0,0,0,0.27,6.04167,8.977114,33.0574,43.6075,127.356,2,0.00,0.00,0.00,1.50,1.45,0
0.135008839743634,0,0,0.46,1.38,0,0.6334429729659963,0,0,0,0,0,0,3.93669,0,0.27,6.04167,9.126106,32.6494,43.9663,175.341,2,0.01,0.00,0.04,0.87,1.38,4.58583
0.380076013955725,4.58583,0,4.188,12.74,0,4.986087644636824,1,0,0,0,0,1.77055,0,0,0.27,6.04167,9.523878,33.1791,45.2168,173.363,2,12.74,2.74,0.00,1.63,3.83,0.329241
3.70932875323029,0.329241,4.58583,17.306,25.43,6.08,7.798264550526611,1,0,0,1.2415e-06,0,0,0,1,0.26,7.1609,8.964249,38.8582,47.2292,310.226,3,22.61,19.42,25.43,6.08,12.99,0.125371
7.72891869584367,0.125371,0.329241,24.19599999999999,44.16,6.3,17.13353524524346,1,0.553154,0,40.4421,0,0.476251,0,1,0.27,9.67787,9.202844,38.5747,46.6381,274.746,1,44.16,19.19,40.26,11.07,6.30,18.6891
10.799622740195,18.6891,0.125371,28.376,48.64,6.9,17.06525358733353,1,0,0,0,0,1.31945,0,0,0.27,9.67787,8.840341,36.3704,44.5227,217.806,1,48.64,21.46,42.74,6.90,22.14,35.4928
6.56084810686219,35.4928,18.6891,25.70800000000001,41.14,20.55,8.705149050992752,1,0,0,0,0,0,0.00138675,0,0.27,9.67787,9.293322,36.3956,44.5031,231.67,1,41.14,22.35,20.99,23.51,20.55,5.24689
1.7046044818164,5.24689,35.4928,4.85,10.09,1.52,3.381811644666214,1,0,0,1.1598,0,0,0,0,0.27,9.67787,8.554205,35.8821,47.4204,206.795,1,4.55,1.52,2.34,10.09,5.75,2.67545
0,2.67545,5.24689,0.5740000000000001,1.7,0,0.8080099009294378,0,0,0,0,0,0,0,1,0.27,6.04167,8.195117,34.9882,48.1715,187.305,2,0.00,0.00,0.00,1.17,1.70,1.55647
0,1.55647,2.67545,0.64,1.81,0,0.8888475684840454,0,12.9976,0,0,0,0,0,0,0.27,6.04167,8.224342,35.4856,47.3636,185.746,2,0.00,0.00,0.00,1.81,1.39,0.000181176
0.235657089454795,0.000181176,1.55647,1.714,3.32,0,1.404076208757915,1,0,0,0,0,0,0.710086,0,0.27,6.04167,7.788656,34.3052,46.4725,210.469,2,0.00,2.03,0.55,2.67,3.32,0
1.06981436966383,0,0.000181176,2.814,4.8,0.01,1.840279870019775,1,0,0,0.132258,0,0,0,0,0.27,6.04167,7.640676,36.9209,49.6175,194.581,2,4.80,4.01,0.01,2.28,2.97,17.3812
0,17.3812,0,3.981999999999999,6.39,0,2.700901701284221,1,0,0,0,0,0,4.08691,0,0.28,6.04167,7.726487,38.446,51.1672,246.567,2,0.00,6.39,6.35,2.69,4.48,0
0.840335953550583,0,17.3812,1.73,4.38,0,2.068671071001864,1,0,0,0,0,0,0,0,0.29,6.04167,7.888758,36.1568,50.9841,227.113,2,0.76,0.00,0.00,3.51,4.38,0.590184
0.392063505731552,0.590184,0,4.795999999999999,9.65,0.06,4.310629884367248,1,0.18973,0,0,0,0.0489876,0,0,0.29,6.04167,8.094098,38.2142,47.7195,264.245,2,0.06,7.47,0.46,6.34,9.65,0.342629
0.00785128086427497,0.342629,0.590184,11.606,27.19,0,11.10607851583987,1,0,0,0,0,18.8635,0,0,0.27,6.04167,7.826569,36.3472,45.8811,317.406,2,0.00,27.19,17.86,3.00,9.98,0.492626
2.03688685192183,0.492626,0.342629,11.36,17.79,5.49,5.150616467957986,1,9.06759,14.1068,11.7792,0,3.38246,0,0,0.27,6.04167,7.814060,37.0818,46.0129,331.83,2,8.16,17.79,15.56,9.80,5.49,0
5.18199754503657,0,0.492626,17.464,28.29,5.7,10.07744163962263,1,4.18267,0,6.54531,14.1068,12.9982,0,0,0.26,6.04167,7.690858,38.0695,45.6286,202.602,2,21.69,28.29,23.80,7.84,5.70,12.0505
8.1392550030806,12.0505,0,12.092,17.09,5.07,4.73540072221982,1,7.18843,0,0,0,0,0,0,0.27,6.04167,8.025607,38.0234,45.3549,249.546,2,17.09,15.82,11.07,5.07,11.41,10.1241
0.0734895177579599,12.2681,11.2314,1.82,5.29,0,2.216878435999592,1,0,0,0,0.763598,0,4.98449,0,0.29,6.04167,8.846007,34.167,44.1756,200.321,2,0.00,0.06,1.10,5.29,2.65,16.1169
6.03468280016456,0,0,8.356,22.47,1.99,8.194414561150783,1,21.3305,0,0,35.211,0,6.55285,1,0.25,6.04167,4.084609,35.3368,45.6749,314.838,2,22.47,8.08,3.96,1.99,5.28,8.11664
0,8.11664,0,4.278,13.97,0.02,5.661428265022883,1,0,0,4.13403,0,0.8572,0,1,0.26,7.1609,4.181352,33.2023,49.5537,305.237,3,3.79,13.97,0.02,3.16,0.45,0.0734108
0,0.0734108,8.11664,0.6779999999999999,1.33,0,0.6099754093404094,0,0,13.4515,4.58921e-08,0,0,0,1,0.26,1.83923,4.371904,37.8859,52.9373,296.283,4,0.83,0.08,0.00,1.15,1.33,0
0.591801009435673,0,0.0734108,9.981999999999999,22.36,1.56,9.879659407084841,1,0,0,0,13.4515,0,0,0,0.26,1.83923,4.801871,35.6595,48.1276,235.286,4,1.56,22.36,18.87,2.01,5.11,0.26242
2.24578441397898,0.26242,0,7.31,11.55,2.39,4.348488243056431,1,17.8567,2.99071,0,0,0,0,1,0.26,6.04167,4.772923,35.5627,48.4067,285.683,2,11.55,10.58,9.13,2.39,2.90,2.99758
0.337794830132628,2.99758,0.26242,5.284000000000001,12.02,1.16,4.693765013291568,1,35.5343,1.10904,1.03836,2.99071,0,1.53586,0,0.26,6.04167,4.982752,36.6825,46.9309,339.364,2,12.02,1.16,8.35,2.11,2.78,0.336271
2.0849852737058,0.336271,2.99758,6.746,12.76,3.21,3.884814023862661,1,16.7029,4.13862,54.1945,1.10904,3.07859,1.12586,1,0.28,7.1609,4.481988,38.5087,46.9137,254.562,3,12.76,7.62,3.44,3.21,6.70,7.86622
1.90972596112974,7.86622,0.336271,8.151999999999999,14.26,0.46,5.223056576373646,1,29.7359,0.349828,0,4.13862,0,0,0,0.28,7.1609,4.927807,36.9228,46.0424,349.916,3,8.06,14.26,11.36,0.46,6.62,13.6376
0,13.6376,7.86622,1.05,2.53,0,1.063743390108723,1,0.158162,0.748377,2.13232,0.349828,0,0,0,0.28,7.1609,4.573562,40.6228,47.513,321.452,3,0.49,1.79,0.00,0.44,2.53,0
0.133442003838861,0,13.6376,10.782,23.31,1.21,10.38934646645303,1,1.85518,0,3.93197e-08,0.748377,0,0,0,0.27,7.1609,4.339500,38.6777,48.3895,347.004,3,1.71,20.25,23.31,1.21,7.43,0
1.19857572819462,0,0,10.332,37.01,0.72,15.31547485388553,1,0,0,0,0,0,0.0419892,1,0.26,6.04167,4.286920,31.9399,47.2924,285.32,2,37.01,9.58,2.68,0.72,1.67,0
0.223410382921502,5.42647,0,3.798,7.8,0.6899999999999999,2.953061123647799,1,0,0,0.0738726,1.55909,0,5.94319,0,0.26,6.04167,3.628018,33.3305,46.4533,146.031,2,4.65,7.80,4.79,0.69,1.06,52.4439
0,52.4439,5.42647,4.241999999999999,13.04,0.5,5.148142383423364,1,0.396751,0,7.77983,0,0,0,0,0.26,6.04167,3.759851,36.2634,48.3017,212.226,2,4.55,1.81,13.04,1.31,0.50,0
0,0,52.4439,2.304,8.869999999999999,0,3.82405936146394,1,0,0,1.01264,0,0.556232,0,1,0.27,7.1609,3.508615,33.97,48.2104,157.871,3,0.00,0.07,8.87,0.06,2.52,0
1.76205707477418,0,0,7.362,14.24,0.93,5.871015244401942,1,0.142553,0,8.0665,0,0,0,0,0.26,7.1609,3.391351,31.1338,45.7325,171.363,3,10.36,9.78,14.24,1.50,0.93,5.71076
0,5.71076,0,4.164,6.86,0.01,2.859690542698633,1,39.3533,0,4.7105,0,3.08411,0,1,0.28,1.83923,3.159753,32.9122,43.7022,176.121,4,6.81,3.08,6.86,0.01,4.06,0
0,0,5.71076,4.328,9.720000000000001,0.47,3.487774361967816,1,0,0,0.753794,0,0,18.5939,0,0.28,1.83923,3.143914,36.6857,47.598,250.112,4,0.47,4.22,9.72,2.26,4.97,0
0,0,0,1.56,3.19,0.26,1.294507628405488,1,4.60136e-06,0,3.9356e-08,0,0,20.5279,0,0.28,1.83923,2.773228,34.1741,46.0783,299.208,4,0.28,0.26,3.19,1.67,2.40,0
0,0,0,1.284,4.06,0,1.623215943736384,1,3.9108,0,1.24857e-07,0,0,0.478135,0,0.27,1.83923,2.748627,28.2974,45.432,177.724,4,1.19,0.00,0.27,4.06,0.90,0
0,0,0,0.33,0.72,0,0.3594440151122286,0,0,2.5654,2.03814e-10,0,0,13.3811,0,0.27,1.83923,2.672051,26.8411,43.74,130.306,4,0.23,0.00,0.00,0.72,0.70,0
0,0,0,3.088,6.46,0,3.193011118051424,1,0,2.39664,1.55948,2.5654,0,8.70426,0,0.27,1.83923,3.046002,34.4521,48.1967,203.885,4,0.00,0.00,6.28,6.46,2.70,0
0,0,0,2.804,11.32,0,4.89930913496995,1,0,0,0,2.39664,0,8.32066,0,0.26,1.83923,3.207787,33.9419,45.1897,260.626,4,0.01,0.00,0.01,11.32,2.68,0
0,0,0,9.837999999999999,17.71,1.17,7.801151838030075,1,17.8973,0,0,0,0.312981,10.1578,1,0.26,6.04167,3.415085,36.917,45.3327,278.951,2,1.17,1.89,15.78,12.64,17.71,4.56105
1.39836314858783,4.56105,0,9.449999999999999,13.73,5.87,3.398793903725261,1,0.809551,6.95755,0,0,2.70225,1.06619,0,0.27,6.04167,3.506013,36.601,43.8869,259.929,2,8.37,13.73,12.27,5.87,7.01,7.74369
1.12935310254765,7.74369,4.56105,4.982000000000001,8.42,2.28,2.56498927873003,1,0.000983512,0,0,6.95755,0,9.04591,0,0.26,6.04167,3.855860,33.9748,42.4394,268.559,2,6.47,4.99,8.42,2.75,2.28,8.22253
2.77652155364645,8.22253,7.74369,6.57,11.55,2.41,3.706325673763707,1,0,4.31863,19.228,0,0,8.61684,1,0.27,7.1609,4.167224,36.9808,44.1926,229.841,3,9.04,5.74,11.55,2.41,4.11,37.0367
2.73539948160584,37.0367,8.22253,7.484,11.69,4.32,3.20730884075731,1,0,0,0.636251,4.31863,0.174014,0.510622,0,0.27,7.1609,4.387004,38.2424,45.3042,303.016,3,5.68,5.64,4.32,11.69,10.09,3.93914
0,3.93914,37.0367,5.005999999999999,9.84,2.13,3.303396736693914,1,0,0,0,0,0,0.0738898,1,0.26,1.83923,4.492113,29.3552,38.0299,199.689,4,3.57,2.13,2.53,6.96,9.84,0
0,0,3.93914,5.843999999999999,12.61,2.08,4.113493648955836,1,0,21.9149,0,0,0,0,0,0.28,1.83923,4.447330,33.3572,43.6141,239.848,4,6.32,3.25,12.61,2.08,4.96,0.0899927
0,0.0899927,0,1.818,2.58,1.27,0.5682605036424756,1,0,0.983602,0,21.9149,0,2.81716,0,0.28,1.83923,4.442357,30.9088,42.1002,167.575,4,1.27,1.50,2.58,2.26,1.48,0
0,0,0.0899927,0.45,0.64,0.1,0.2163330765278393,0,0,1.5767,0,0.983602,0,0,0,0.28,1.83923,4.504223,20.2879,38.7655,156.437,4,0.60,0.51,0.40,0.10,0.64,0
0,0,0,0.6439999999999999,2.76,0,1.199533242557287,0,0,0,0,1.5767,0,3.07219,0,0.29,1.83923,4.539420,21.2726,37.7417,119.012,4,0.00,0.00,0.00,2.76,0.46,0
0,0,0,2.554,4.82,0.4,1.860424682700162,1,0,0,0,0,0,6.36002,0,0.28,1.83923,5.205030,36.757,46.5352,203.795,4,1.12,0.40,4.82,3.97,2.46,0
0,0,0,4.984,10.57,1.48,3.493712924669112,1,0,0,0,0,7.7069,0.0382236,0,0.26,1.83923,5.660153,33.7187,46.9067,294.29,4,10.57,3.66,5.89,3.32,1.48,1.68641
0,1.68641,0,0.43,1.59,0,0.6635510530471638,0,16.2155,0,3.41116,0,0,0,0,0.26,1.83923,5.875955,32.3139,45.4752,124.977,4,0.00,0.00,1.59,0.26,0.30,2.36852
0,2.36852,1.68641,0.9879999999999999,4.89,0,2.181391757571299,0,0,0,0.0328403,0,0,0,0,0.27,1.83923,5.738710,15.0567,38.4959,71.2825,4,0.00,0.00,0.00,4.89,0.05,0
0,0,2.36852,0.362,1.71,0,0.7547979862188292,0,0,0,0,0,0,2.68463,1,0.26,6.04167,6.017794,20.5527,40.1617,212.247,2,0.00,0.00,0.00,1.71,0.10,0
0,0,0,1.638,5.13,0,2.040225477735243,1,67.4255,0,0,0,0,0,1,0.26,7.1609,6.304068,37.7138,44.3196,296.562,3,0.00,0.38,1.26,1.42,5.13,0
6.32871160982022,0,0,14.816,25.78,0.39,11.08460328563905,1,23.8164,4.12378,23.7189,0,0,0,0,0.27,7.1609,6.293451,36.5594,43.9939,209.953,3,16.34,25.78,24.70,0.39,6.87,6.07078
0,6.07078,0,4.362,6.74,1.46,2.372365907696365,1,0,5.11659,0.00328579,4.12378,0,0,1,0.26,9.67787,6.267559,32.2346,41.2911,218.215,1,6.74,5.22,2.24,6.15,1.46,0.75967
2.07231673166771,0.75967,6.07078,15.992,30.74,4.22,9.866048854531382,1,1.08321e-08,4.97766,0,5.11659,0,3.08642,0,0.26,9.67787,6.711338,35.0285,46.0208,272.9,1,16.40,18.00,30.74,10.60,4.22,0.413188
1.98857171348311,0.413188,0.75967,2.528,8.039999999999999,0,3.272685441651855,1,0.297462,1.95343,0,4.97766,0,0.917144,0,0.26,9.67787,6.717068,36.9202,47.8921,316.647,1,8.04,0.00,2.86,0.39,1.35,14.7292
0,14.7292,0.413188,0.1,0.31,0,0.1433527118683145,0,0,0,8.66049,1.95343,0,0.557456,0,0.25,9.67787,6.523041,27.4413,40.1764,105.158,1,0.00,0.00,0.00,0.31,0.19,2.42545
0,2.42545,14.7292,0.244,1.04,0,0.4517521444332058,0,1.63143,0,0,0,0.660834,0,1,0.26,1.83923,6.125541,33.0301,43.3687,197.396,4,0.00,0.00,0.00,1.04,0.18,0
0.971405293392262,0,2.42545,3.45,7.59,0,3.102281418569244,1,30.8977,0,145.136,0,0,2.63245,0,0.26,1.83923,6.211776,36.4461,47.4271,240.451,4,5.49,1.20,0.00,7.59,2.97,0
1.22320837790126,0,0,18.272,31.89,1.96,13.23985536174773,1,0,0,0.0162817,0,65.1501,0,1,0.26,9.67787,6.329001,36.9837,48.2353,221.279,1,24.84,31.89,26.31,1.96,6.36,11.4617
1.61862701942524,11.4617,0,13.674,29.79,2.17,14.63853237179192,1,4.70164,31.9197,0,0,0,21.5002,0,0.26,9.67787,6.615912,35.7308,44.7342,219.39,1,29.61,3.48,29.79,2.17,3.32,10.3138
0,10.3138,11.4617,0.968,2.8,0,1.333930283035811,0,0,17.8273,0,31.9197,0,104.277,1,0.27,6.04167,6.494805,35.3562,42.7491,312.638,2,0.00,0.05,0.00,2.80,1.99,0
0,0,10.3138,0.716,2.29,0,1.013276862461588,0,0,0,0,17.8273,0,29.982,0,0.28,6.04167,6.372158,39.0513,46.9876,310.56,2,0.10,0.00,0.00,2.29,1.19,0
3.04287574926969,0,0,2.372,4.75,0,2.239859370585573,1,0.517389,0,15.5908,0,0,24.3655,0,0.28,6.04167,6.651890,40.39,48.4723,251.943,2,0.00,0.00,4.75,3.98,3.13,3.14282
2.53083419127427,3.14282,0,2.784,9.51,0,4.002465490169778,1,0,0.0487314,26.7211,0,28.0329,12.6002,0,0.29,6.04167,6.610045,38.033,45.1663,276.557,2,0.00,0.00,1.05,9.51,3.36,14.9113
3.11493988882025,14.9113,3.14282,2.852,4.58,0.15,1.802670241613812,1,0.213548,0,0,0.0487314,0,0,1,0.27,7.1609,6.402768,37.4937,43.5698,329.578,3,2.41,0.15,4.43,4.58,2.69,0
4.31461694065748,0,14.9113,8.214,16.88,0.18,6.016068483652758,1,0,0,0.260346,0,1.01407,1.16141,0,0.26,7.1609,7.005665,37.9558,47.2023,213.966,3,7.97,9.60,16.88,0.18,6.44,5.33056
2.95422649126782,5.33056,0,2.278,4.35,1.16,1.311133097744085,1,12.2167,0,0.0320896,0,0,9.69383,1,0.26,6.04167,8.030622,39.0289,47.1498,241.415,2,1.16,1.19,4.35,2.61,2.08,0
0,0,5.33056,0.5519999999999999,1.96,0,0.8532115798557822,0,0.0242366,9.41703,0,0,0,0,0,0.27,6.04167,7.899427,35.1681,44.3183,233.387,2,0.00,0.00,0.03,0.77,1.96,0
3.06835845575424,0,0,10.128,16.55,4.78,5.219345744439623,1,0,0.92574,0,9.41703,0,0,1,0.26,9.67787,8.377883,38.1667,47.2,215.863,1,14.34,5.56,16.55,4.78,9.41,0
2.17090609691227,0,0,7.4,12.37,1.89,4.437149986196094,1,2.51253e-06,4.20071,0,0.92574,0,3.76289,1,0.26,6.04167,8.253767,38.6728,46.252,306.167,2,6.48,12.37,11.43,1.89,4.83,0
3.16642475861299,0,0,15.016,23.41,3.55,8.034032611335356,1,89.7216,8.75546,0,4.20071,0.00890809,21.3854,1,0.27,9.67787,7.903513,38.8066,44.5029,257.895,1,13.50,23.41,21.97,3.55,12.65,11.4613
11.9038769472457,11.4613,0,33.156,58.48,0.16,26.39734229046553,1,13.6908,0,36.5367,8.75546,0,1.96172,0,0.26,9.67787,8.058326,37.786,44.7377,252.123,1,39.08,58.48,56.62,0.16,11.44,86.0861
28.0771691387886,86.0861,11.4613,31.684,57.52,0.02,26.21511834800675,1,0.136657,0,0,0,0,1.13331,0,0.26,9.67787,8.237429,35.431,43.4735,227.276,1,34.33,56.37,57.52,0.02,10.18,50.0072
16.8837882435764,50.0072,86.0861,32.552,57.51,1.56,26.3772642629974,1,0,0,0,0,0,0,1,0.26,6.04167,8.164481,36.0346,44.0549,250.602,2,47.26,49.96,57.51,1.56,6.47,10.2006
17.4243971876858,10.2006,50.0072,24.22,42.72,2,17.34482487660224,1,0,6.56272,0,0,0.0209605,0.0972907,1,0.26,9.67787,8.903107,35.1493,43.8676,214.456,1,26.00,38.65,42.72,2.00,11.73,6.95155
7.17558944604368,6.95155,10.2006,8.378000000000002,18.27,1.17,6.837142678049069,1,0,41.6257,1.10514e-10,6.56272,0,17.6138,1,0.26,6.04167,8.946066,39.2532,47.1464,241.537,2,3.31,11.65,18.27,1.17,7.49,2.51497
6.00118376254629,2.51497,6.95155,9.495999999999999,17.84,4.79,5.136533850759673,1,3.95293,0,0,41.6257,0,35.8603,0,0.27,6.04167,8.940702,36.4044,47.0828,212.731,2,17.84,10.63,7.85,4.79,6.37,25.4577
7.34020169550019,25.4577,2.51497,8.440000000000001,18.65,0.92,7.005544232962918,1,0,0,0,0,0,3.80488,0,0.28,6.04167,8.045899,35.799,45.2627,183.075,2,18.65,12.23,5.48,4.92,0.92,16.9975
6.91713843905692,16.9975,25.4577,9.841999999999999,22.02,3.4,8.064348702778172,1,6.23364,7.56932,0,0,0.325047,19.5242,1,0.27,7.1609,8.057447,34.8768,44.0713,208.991,3,5.34,14.19,22.02,4.26,3.40,15.1595
6.06768262387253,15.1595,16.9975,8.474,16.98,3.11,6.1371679136227,1,12.6281,0,48.5975,7.56932,7.99162,9.57163,1,0.26,9.67787,7.121643,36.5444,44.046,206.217,1,4.38,12.97,16.98,4.93,3.11,6.84943
0,6.84943,15.1595,1.454,3.52,0.35,1.270405447091597,1,0,13.4885,0.0410034,0,0,34.9431,1,0.27,6.04167,6.815033,35.4909,44.7842,293.813,2,0.35,0.47,1.46,3.52,1.47,2.87139
4.69113901258179,2.87139,6.84943,1.63,4.61,0,1.879029004565922,1,0,6.89821,0,13.4885,0,5.3674,0,0.28,6.04167,6.735656,36.112,44.4701,334.243,2,0.04,0.00,1.63,4.61,1.87,37.7993
0,37.7993,2.87139,1.296,4.35,0,1.843862793160055,1,0,10.286,0,6.89821,0,0,0,0.28,6.04167,6.680783,38.0876,45.6617,328.524,2,0.00,0.43,0.00,4.35,1.70,0
0,0,37.7993,5.362,8.800000000000001,0,3.432130533648159,1,0,31.2832,0,10.286,0,17.6543,1,0.27,7.1609,6.383714,37.5965,45.9978,241.122,3,7.76,8.80,0.00,5.71,4.54,0
10.8830700591923,0,0,10.558,23.86,4.65,7.770886049865871,1,0.255686,0,0,31.2832,0,58.7772,0,0.27,7.1609,6.830793,37.6041,46.3123,182.55,3,23.86,7.62,10.69,4.65,5.97,2.11037
11.4733828337337,2.11037,0,14.164,20.9,8.92,5.031752179907114,1,4.02404,0,0.0706093,0,0,7.5364,0,0.27,7.1609,7.342824,34.6701,45.0511,177.162,3,14.20,20.90,17.09,9.71,8.92,0
11.4976606445461,0,2.11037,20.514,23.45,15.57,3.420852232996918,1,0.51807,1.09156,0.0656702,0,0,0.57678,0,0.26,7.1609,8.396930,39.2808,46.7569,302.989,3,18.40,23.45,23.20,21.95,15.57,48.1925
11.557900760636,48.1925,0,15.936,18.33,11.94,2.472838450040762,1,26.8987,0,0,1.09156,0,0.625193,1,0.27,6.04167,8.229758,37.577,45.8208,231.219,2,16.52,17.42,18.33,15.47,11.94,11.2502
2.78492849756581,0.131908,0,7.624000000000001,13.45,0.05,5.677612174145042,1,0,0,0.000819846,0,1.1097,0,1,0.26,9.67787,9.161837,37.108,46.2225,262.045,1,4.94,6.63,0.05,13.45,13.05,1.83514
5.68740625538836,1.83514,0.131908,8.26,20.61,0,8.345474821722249,1,0,0,0,0,0,2.80871,0,0.26,9.67787,9.292023,37.9536,47.8346,212.248,1,1.33,0.00,20.61,11.38,7.98,0
1.75655684935663,0,1.83514,3.806,10.6,0.24,4.097789648090784,1,0,0,0,0,0,0,1,0.27,6.04167,9.295825,36.2611,46.1544,306.898,2,2.09,0.24,1.60,10.60,4.50,1.04661
1.1755115184131,1.04661,0,10.64,22.22,2.82,7.856376391186969,1,3.66744,0,0,0,0,0.333317,0,0.27,6.04167,9.583511,35.2486,44.9391,182.97,2,22.22,14.75,2.82,5.33,8.08,0.598621
1.47358510470134,0.598621,1.04661,6.703999999999999,10.21,4.07,2.54141299280538,1,0,0,20.8387,0,0,9.88006,0,0.27,6.04167,9.400131,37.5591,46.4925,316.505,2,8.28,4.73,10.21,6.23,4.07,0
2.65557526251061,0,0.598621,19.924,29.46,10.32,7.229351976491392,1,89.2212,0,76.1889,0,10.459,0,0,0.27,6.04167,8.456931,38.3946,45.0635,262.904,2,29.46,22.95,15.96,10.32,20.93,16.2451
9.74819217554763,16.2451,0,28.422,48.6,11.32,13.4295949306001,1,0,0,0.0574725,0,2.09449,4.74187,1,0.27,9.67787,8.519922,37.8821,43.9872,312.191,1,11.32,25.56,48.60,30.92,25.71,7.5095
7.31830871188247,7.5095,16.2451,29.57399999999999,46.87,10.99,13.62054440909026,1,0.140397,0,0,0,0,2.02206,0,0.27,9.67787,8.481747,26.3089,35.2972,167.86,1,37.98,46.87,10.99,25.13,26.90,5.17361
0.599299119598792,5.17361,7.5095,10.652,15.86,2.02,5.582183264637592,1,0,0,0,0,12.3553,0.781923,0,0.27,9.67787,8.265777,34.5446,43.0103,264.337,1,2.02,14.91,15.86,11.74,8.73,0.0678765
6.55670809004215,0.0678765,5.17361,28.886,43.72,17.16,9.646744528596162,1,0,0,0,0,0,0,0,0.27,9.67787,8.271855,36.8357,45.2652,244.168,1,25.84,30.50,27.21,17.16,43.72,18.9118
6.5308695208878,18.9118,0.0678765,31.488,47.39,18.9,10.25762496877323,1,0,0,0,0,0,0.683885,0,0.27,9.67787,7.999509,36.4579,45.4043,226.683,1,47.39,18.90,28.42,31.14,31.59,9.00802
4.89871789888858,9.00802,18.9118,25.846,39.81,14.49,10.65117974686373,1,0,0,0,0,0,0.746707,0,0.28,9.67787,7.664468,35.6627,43.9269,242.886,1,34.02,39.81,22.02,14.49,18.89,22.7671
3.60436198821942,22.7671,9.00802,21.858,48.92,8.279999999999999,16.76728123459495,1,0,0,0,0,0,0,0,0.28,9.67787,7.950925,36.4528,45.5735,229.779,1,48.92,27.27,12.54,12.28,8.28,1.08933
1.99825653338271,1.08933,22.7671,13.818,23.83,6.2,6.732025698109002,1,5.76266,0,0,0,0,0.551556,0,0.27,9.67787,7.816912,35.5865,44.8924,214.538,1,12.13,16.62,23.83,10.31,6.20,19.2236
0.383635312850567,19.2236,1.08933,3.152,4.62,1.91,1.165190971472059,1,0,0,0,0,0,0,0,0.27,9.67787,7.278271,32.2595,43.4031,220.64,1,2.18,4.62,3.02,1.91,4.03,0.218003
0.855208870716001,0.218003,19.2236,5.706,12.22,2.09,4.010602199171591,1,0,0,0,0,0,2.45102,0,0.27,9.67787,7.734738,33.5742,45.3724,207.668,1,12.22,4.65,3.05,2.09,6.52,0
0.413680160064077,0,0.218003,2.968,4.62,1.91,1.084605919216745,1,1.20559e-06,0,5.9266e-11,0,0.566035,0.283019,0,0.27,9.67787,7.571043,32.0841,45.0014,193.311,1,2.84,3.34,1.91,4.62,2.13,23.3116
0,23.3116,0,0.9879999999999999,1.56,0.46,0.4652633662776385,0,0,0,0,0,0,0,1,0.26,1.83923,7.589760,25.8825,40.5978,179.202,4,0.46,0.98,1.33,0.61,1.56,0
0,0,23.3116,1.256,1.75,0.36,0.5601606912306504,1,0,0,0,0,0,0,0,0.28,1.83923,8.500377,27.6343,37.9305,163.506,4,1.57,1.53,1.07,0.36,1.75,1.14728
0,1.14728,0,1.9,3.76,0.25,1.526286342728651,1,0.101388,0,0,0,0.280551,0.00198834,0,0.28,1.83923,9.030720,31.153,40.4569,191.727,4,0.41,2.76,0.25,2.32,3.76,0
3.76914793592597,0,1.14728,8.540000000000001,12.19,4.63,2.792758492959962,1,5.40979e-06,0,1.48785,0,0,0,0,0.27,1.83923,9.474093,35.6827,44.019,300.039,4,12.19,4.63,9.65,8.82,7.41,5.54373
3.77199742200577,5.54373,0,5.305999999999999,14.73,0.02,5.714142980360222,1,0,0,0,0,0,0,1,0.26,6.04167,9.697660,38.2437,44.9184,308.486,2,6.11,2.13,14.73,0.02,3.54,1.97474
5.30620786187269,1.97474,5.54373,11.05,16.56,5.55,4.944810410925782,1,1.13442,0,1.57487e-06,0,0,0,1,0.26,9.67787,9.674077,37.1942,44.724,241.445,1,14.08,12.95,16.56,5.55,6.11,10.6997
0,10.6997,1.97474,1.072,1.59,0.51,0.4782467982119692,1,0.356175,0,47.1523,0,0,0,0,0.27,9.67787,9.537662,36.966,42.3379,238.986,1,0.70,1.51,0.51,1.05,1.59,1.59616
0.216918832122256,1.59616,10.6997,2.324,7.2,0.35,2.827513041526069,1,0,0,0,0,1.25762,0.934395,1,0.27,1.83923,9.246503,36.368,40.4179,216.425,4,0.76,0.35,0.96,7.20,2.35,0.656415
0.0227625277501635,0.656415,1.59616,3.066,8.66,0.26,3.425518938788691,1,0,0,3.71695e-08,0,0,3.86898,0,0.27,1.83923,9.430409,34.5085,38.2798,214.089,4,0.28,8.66,0.26,3.00,3.13,0.819808
2.82497131865687,0.819808,0.656415,4.938,8.66,2.28,3.247263463287203,1,0,0.715179,0,0,0,0,0,0.27,1.83923,9.338538,37.4068,42.1602,219.004,4,2.88,2.56,8.66,2.28,8.31,0
0,0,0.819808,3.351999999999999,10.43,0.02,4.303541564804504,1,0,0,0,0.715179,0,3.57038,0,0.26,1.83923,9.839607,35.5912,44.5103,339.636,4,0.10,0.02,4.15,2.06,10.43,0
0.560975227151369,0,0,9.827999999999999,22.04,2.03,10.42094861325014,1,0,0,0,0,0,4.2847,1,0.26,9.67787,9.464148,35.5437,43.6952,227.887,1,20.41,2.03,2.22,2.44,22.04,0.0711766
2.95113175679102,0.0711766,0,12.526,20.34,7.3,4.845459730510615,1,0,0,0,0,0,1.7571,1,0.27,6.04167,8.357309,39.1011,47.2493,231.234,2,20.34,7.30,10.18,12.33,12.48,11.7653
3.75229296754754,11.7653,0.0711766,10.568,16.79,1.18,6.433293868618159,1,0,0,0,0,0,0,0,0.26,6.04167,8.397877,36.0786,44.0854,205.054,2,12.20,7.16,16.79,1.18,15.51,4.93686
10.5752320583664,4.93686,11.7653,23.978,37.44,3.54,13.74681126661743,1,6.83126,0,0,0,0,0,1,0.27,9.67787,8.176646,36.9874,43.8041,252.17,1,37.44,35.92,22.50,3.54,20.49,31.6641
0.698275927313669,31.6641,4.93686,3.272,10.41,0.47,4.093912554024572,1,1.64933e-06,0,20.806,0,2.50526,0,0,0.27,9.67787,7.916003,33.4028,42.7417,196.579,1,1.97,0.47,2.74,0.77,10.41,0.458343
0.0193907824924093,0.458343,31.6641,4.366,9.720000000000001,0.38,4.41840242621697,1,0,0,0,0,0.237807,1.52708,0,0.28,9.67787,8.546707,36.9865,47.7455,275.334,1,0.38,2.21,0.98,9.72,8.54,0
2.88395878037196,0,0.458343,23.364,43.38,8.050000000000001,13.71922483232927,1,0,5.6396,0,0,0,0,0,0.28,9.67787,8.977114,38.3718,49.311,244.907,1,8.05,15.04,20.60,43.38,29.75,1.05484
7.82229313636079,1.05484,0,19.814,28.31,8.390000000000001,9.022983431216085,1,7.32552,0,0,5.6396,0,0.296632,0,0.28,9.67787,9.126106,36.7564,45.9468,223.313,1,28.31,8.39,12.68,28.12,21.57,12.8177
9.3139946249093,12.8177,1.05484,13.592,27.19,4.4,8.425388418346063,1,0.051442,0,0,0,0,5.62705,0,0.27,9.67787,9.523878,35.0718,45.1513,218.177,1,13.76,27.19,4.40,12.73,9.88,21.9943
4.36550109243955,21.9943,12.8177,10.204,15.97,5.97,3.705898001834373,1,0,0.958245,0,0,0,2.51855,0,0.26,9.67787,8.964249,38.0665,47.5491,250.49,1,11.01,8.60,5.97,15.97,9.47,3.43691
7.53357078508009,3.43691,21.9943,14.546,21.69,5.44,8.138856184993074,1,2.86346,0,0,0.958245,0,0,1,0.27,6.04167,9.202844,33.8365,44.0757,161.646,2,21.69,6.12,18.00,21.48,5.44,26.7091
4.29078448665765,26.7091,3.43691,10.808,22.34,3.81,7.833560493160182,1,0,0,0,0,0,2.33842,0,0.27,6.04167,8.840341,34.9386,46.5638,228.105,2,15.44,22.34,6.09,3.81,6.36,0.133106
0,0.133106,26.7091,7.322,27.52,0.12,11.45167324018635,1,5.32769,0,13.1796,0,0,0,0,0.28,6.04167,9.293322,36.2951,46.9552,319.222,2,0.12,27.52,0.68,3.68,4.61,0.293415
0.852993050024136,0.293415,0.133106,6.494,15.01,1.21,5.31636435922144,1,0.00271065,0.528823,0,0,0,0,0,0.28,6.04167,8.554205,36.8037,47.0977,309.334,2,1.21,15.01,7.67,3.42,5.16,0.961116
4.45769049022052,0.961116,0.293415,8.630000000000001,14.52,4.1,3.827322824116095,1,133.092,0.892895,0,0.528823,0.0499759,0,0,0.26,6.04167,8.195117,38.1653,47.6872,289.158,2,8.64,14.52,9.05,4.10,6.84,13.013
5.7518727808153,13.013,0.961116,4.194,12.52,0.36,4.958294061469126,1,30.4812,0,0,0.892895,0,0,1,0.26,9.67787,8.224342,36.6108,47.5311,290.935,1,12.52,0.36,1.43,1.72,4.94,44.4828
14.6367649054441,44.4828,13.013,17.914,28.82,2.8,12.84080137686118,1,47.3703,0,2.85963,0,16.2346,0,1,0.28,6.04167,7.788656,39.2619,49.57,354.542,2,28.73,28.82,23.92,2.80,5.30,20.3915
3.54114228689687,20.3915,44.4828,11.51,25.95,2.21,9.791253750158862,1,6.97491,3.5406,0,0,0,0.204601,0,0.29,6.04167,7.640676,37.8397,48.6379,178.227,2,6.68,25.95,17.06,2.21,5.65,0
7.70966275016306,0,20.3915,9.756,16.94,4.33,5.859247391943781,1,0,0,0,3.5406,0,0,0,0.28,6.04167,7.726487,36.6883,46.5402,192.078,2,15.05,7.53,16.94,4.33,4.93,16.3676
4.18838233332601,16.3676,0,5.086,11.4,0,4.192586313959439,1,40.7993,0,74.8991,0,0,0.020448,0,0.28,6.04167,7.888758,36.2277,48.4151,250.077,2,5.56,11.40,0.00,5.44,3.03,6.71079
0,6.71079,16.3676,1.308,3.84,0,1.82852946380418,1,0,0,8.76298,0,2.56347,0,0,0.28,6.04167,8.094098,34.5385,48.1009,253.414,2,0.00,0.02,0.00,3.84,2.68,0
0,0,6.71079,2.748,7.97,0,3.505149069583204,1,6.38713,0,2.49758,0,0,0.127179,1,0.26,7.1609,7.826569,34.2337,46.9716,202.901,3,0.00,0.00,1.05,4.72,7.97,0
6.71491887545222,0,0,5.34,13.68,1.72,4.985804849770997,1,6.48583,0,0.0016414,0,0,0,1,0.27,9.67787,7.814060,37.8274,47.6427,290.763,1,1.91,3.25,13.68,1.72,6.14,19.9805
9.4147063744058,19.9805,0,8.177999999999999,24.88,2.37,9.433560833534704,1,0,0,0,0,0,1.17051,1,0.26,6.04167,7.690858,33.8938,45.5673,187.021,2,2.37,5.99,3.28,24.88,4.37,0
12.1192725105146,0,19.9805,11.204,29.12,5.32,10.11207347679001,1,0,0,0,0,0,0.129142,0,0.28,6.04167,8.025607,36.68,46.8245,208.582,2,5.67,5.32,8.87,29.12,7.04,12.112
5.40196213256908,12.112,0,7.246,10.89,1.73,3.397488778495081,1,5.7011e-10,0,0,0,0,0.237669,1,0.27,7.1609,8.617433,36.774,45.7837,227.686,3,6.98,10.89,8.08,1.73,8.55,0
16.8141907150435,0,12.112,15.802,25.1,5.2,8.823464172307835,1,9.85071,0.724515,62.6913,0,0,0.0137113,0,0.27,7.1609,8.843188,38.6434,45.8353,263.823,3,15.99,25.10,23.84,5.20,8.88,26.7758
0.610100200818618,26.7758,0,1.23,2.39,0.47,0.8131727983645297,1,1.80535e-09,1.10939,1.6386,0.724515,0,0.101769,1,0.27,9.67787,8.846007,36.3741,46.7984,209.864,1,0.70,0.47,0.83,2.39,1.76,0
0.610100200818618,26.7758,0,1.23,2.39,0.47,0.8131727983645297,1,1.80535e-09,1.10939,1.6386,0.724515,0,0.101769,1,0.27,9.67787,8.846007,36.3741,46.7984,209.864,1,0.70,0.47,0.83,2.39,1.76,0
0.610100200818618,26.7758,0,1.23,2.39,0.47,0.8131727983645297,1,1.80535e-09,1.10939,1.6386,0.724515,0,0.101769,1,0.27,9.67787,8.846007,36.3741,46.7984,209.864,1,0.70,0.47,0.83,2.39,1.76,0
0.610100200818618,26.7758,0,1.23,2.39,0.47,0.8131727983645297,1,1.80535e-09,1.10939,1.6386,0.724515,0,0.101769,1,0.27,9.67787,8.846007,36.3741,46.7984,209.864,1,0.70,0.47,0.83,2.39,1.76,0
0.610100200818618,26.7758,0,1.23,2.39,0.47,0.8131727983645297,1,1.80535e-09,1.10939,1.6386,0.724515,0,0.101769,1,0.27,9.67787,8.846007,36.3741,46.7984,209.864,1,0.70,0.47,0.83,2.39,1.76,0
0.610100200818618,26.7758,0,1.23,2.39,0.47,0.8131727983645297,1,1.80535e-09,1.10939,1.6386,0.724515,0,0.101769,1,0.27,9.67787,8.846007,36.3741,46.7984,209.864,1,0.70,0.47,0.83,2.39,1.76,0
0.610100200818618,26.7758,0,1.23,2.39,0.47,0.8131727983645297,1,1.80535e-09,1.10939,1.6386,0.724515,0,0.101769,1,0.27,9.67787,8.846007,36.3741,46.7984,209.864,1,0.70,0.47,0.83,2.39,1.76,0
0.610100200818618,26.7758,0,1.23,2.39,0.47,0.8131727983645297,1,1.80535e-09,1.10939,1.6386,0.724515,0,0.101769,1,0.27,9.67787,8.846007,36.3741,46.7984,209.864,1,0.70,0.47,0.83,2.39,1.76,0
0.610100200818618,26.7758,0,1.23,2.39,0.47,0.8131727983645297,1,1.80535e-09,1.10939,1.6386,0.724515,0,0.101769,1,0.27,9.67787,8.846007,36.3741,46.7984,209.864,1,0.70,0.47,0.83,2.39,1.76,0
0.610100200818618,26.7758,0,1.23,2.39,0.47,0.8131727983645297,1,1.80535e-09,1.10939,1.6386,0.724515,0,0.101769,1,0.27,9.67787,8.846007,36.3741,46.7984,209.864,1,0.70,0.47,0.83,2.39,1.76,0
0.610100200818618,26.7758,0,1.23,2.39,0.47,0.8131727983645297,1,1.80535e-09,1.10939,1.6386,0.724515,0,0.101769,1,0.27,9.67787,8.846007,36.3741,46.7984,209.864,1,0.70,0.47,0.83,2.39,1.76,0
0.610100200818618,26.7758,0,1.23,2.39,0.47,0.8131727983645297,1,1.80535e-09,1.10939,1.6386,0.724515,0,0.101769,1,0.27,9.67787,8.846007,36.3741,46.7984,209.864,1,0.70,0.47,0.83,2.39,1.76,0
0.610100200818618,26.7758,0,1.23,2.39,0.47,0.8131727983645297,1,1.80535e-09,1.10939,1.6386,0.724515,0,0.101769,1,0.27,9.67787,8.846007,36.3741,46.7984,209.864,1,0.70,0.47,0.83,2.39,1.76,0
0.610100200818618,26.7758,0,1.23,2.39,0.47,0.8131727983645297,1,1.80535e-09,1.10939,1.6386,0.724515,0,0.101769,1,0.27,9.67787,8.846007,36.3741,46.7984,209.864,1,0.70,0.47,0.83,2.39,1.76,0
0.610100200818618,26.7758,0,1.23,2.39,0.47,0.8131727983645297,1,1.80535e-09,1.10939,1.6386,0.724515,0,0.101769,1,0.27,9.67787,8.846007,36.3741,46.7984,209.864,1,0.70,0.47,0.83,2.39,1.76,0
0.610100200818618,26.7758,0,1.23,2.39,0.47,0.8131727983645297,1,1.80535e-09,1.10939,1.6386,0.724515,0,0.101769,1,0.27,9.67787,8.846007,36.3741,46.7984,209.864,1,0.70,0.47,0.83,2.39,1.76,0
0.610100200818618,26.7758,0,1.23,2.39,0.47,0.8131727983645297,1,1.80535e-09,1.10939,1.6386,0.724515,0,0.101769,1,0.27,9.67787,8.846007,36.3741,46.7984,209.864,1,0.70,0.47,0.83,2.39,1.76,0
0.610100200818618,26.7758,0,1.23,2.39,0.47,0.8131727983645297,1,1.80535e-09,1.10939,1.6386,0.724515,0,0.101769,1,0.27,9.67787,8.846007,36.3741,46.7984,209.864,1,0.70,0.47,0.83,2.39,1.76,0
0.610100200818618,26.7758,0,1.23,2.39,0.47,0.8131727983645297,1,1.80535e-09,1.10939,1.6386,0.724515,0,0.101769,1,0.27,9.67787,8.846007,36.3741,46.7984,209.864,1,0.70,0.47,0.83,2.39,1.76,0
0.610100200818618,26.7758,0,1.23,2.39,0.47,0.8131727983645297,1,1.80535e-09,1.10939,1.6386,0.724515,0,0.101769,1,0.27,9.67787,8.846007,36.3741,46.7984,209.864,1,0.70,0.47,0.83,2.39,1.76,0
0.610100200818618,26.7758,0,1.23,2.39,0.47,0.8131727983645297,1,1.80535e-09,1.10939,1.6386,0.724515,0,0.101769,1,0.27,9.67787,8.846007,36.3741,46.7984,209.864,1,0.70,0.47,0.83,2.39,1.76,0
0.610100200818618,26.7758,0,1.23,2.39,0.47,0.8131727983645297,1,1.80535e-09,1.10939,1.6386,0.724515,0,0.101769,1,0.27,9.67787,8.846007,36.3741,46.7984,209.864,1,0.70,0.47,0.83,2.39,1.76,0
0.610100200818618,26.7758,0,1.23,2.39,0.47,0.8131727983645297,1,1.80535e-09,1.10939,1.6386,0.724515,0,0.101769,1,0.27,9.67787,8.846007,36.3741,46.7984,209.864,1,0.70,0.47,0.83,2.39,1.76,0
0.610100200818618,26.7758,0,1.23,2.39,0.47,0.8131727983645297,1,1.80535e-09,1.10939,1.6386,0.724515,0,0.101769,1,0.27,9.67787,8.846007,36.3741,46.7984,209.864,1,0.70,0.47,0.83,2.39,1.76,0
0.610100200818618,26.7758,0,1.23,2.39,0.47,0.8131727983645297,1,1.80535e-09,1.10939,1.6386,0.724515,0,0.101769,1,0.27,9.67787,8.846007,36.3741,46.7984,209.864,1,0.70,0.47,0.83,2.39,1.76,0
0.610100200818618,26.7758,0,1.23,2.39,0.47,0.8131727983645297,1,1.80535e-09,1.10939,1.6386,0.724515,0,0.101769,1,0.27,9.67787,8.846007,36.3741,46.7984,209.864,1,0.70,0.47,0.83,2.39,1.76,0
0.610100200818618,26.7758,0,1.23,2.39,0.47,0.8131727983645297,1,1.80535e-09,1.10939,1.6386,0.724515,0,0.101769,1,0.27,9.67787,8.846007,36.3741,46.7984,209.864,1,0.70,0.47,0.83,2.39,1.76,0
0.610100200818618,26.7758,0,1.23,2.39,0.47,0.8131727983645297,1,1.80535e-09,1.10939,1.6386,0.724515,0,0.101769,1,0.27,9.67787,8.846007,36.3741,46.7984,209.864,1,0.70,0.47,0.83,2.39,1.76,0
